CAS,SMILES,Set,nHM,piPC09,PCD,X2Av,MLOGP,ON1V,N-072,B02[C-N],F04[C-O],Class,logBCF
100-02-7,O=[N+](c1ccc(cc1)O)[O-],Train,0,0,1.49,0.14,1.35,0.72,0,1,5,1,0.74
100-17-4,O=[N+](c1ccc(cc1)OC)[O-],Train,0,0,1.47,0.14,1.70,0.88,0,1,5,1,0.93
100-18-5,c1cc(ccc1C(C)C)C(C)C,Train,0,0,1.20,0.25,4.14,2.06,0,0,0,3,3.24
100-25-4,O=[N+]([O-])c1ccc(cc1)[N+](=O)[O-],Train,0,0,1.69,0.13,1.89,0.79,0,1,8,3,-0.40
100-40-3,C=CC1CCC=CC1,Train,0,0,0.52,0.25,2.65,1.31,0,0,0,1,2.24
100-42-5,C=Cc1ccccc1,Test,0,0,1.40,0.18,2.85,0.86,0,0,0,3,1.13
100-61-8,CNc1ccccc1,Train,0,0,1.22,0.18,1.86,0.92,0,1,0,1,0.83
10113-28-7,O=P(OC)(OC)Oc1ccccc1,Train,1,3.446,1.23,0.24,2.01,1.12,0,0,7,2,2.76
101-14-4,Clc1c(ccc(c1)Cc1cc(c(cc1)N)Cl)N,Train,2,6.188,2.23,0.19,3.84,1.50,0,1,0,1,2.33
101-20-2,O=C(Nc1ccc(c(c1)Cl)Cl)Nc1ccc(cc1)Cl,Train,3,5.340,2.10,0.18,3.99,1.46,2,1,4,1,1.99
101-21-3,O=C(OC(C)C)Nc1cccc(c1)Cl,Train,1,3.726,1.25,0.20,2.38,1.52,1,1,6,1,2.16
1014-70-6,n1c(nc(nc1NCC)SC)NCC,Train,1,3.056,1.22,0.19,2.27,1.88,0,1,0,3,0.31
101-53-1,Oc1ccc(cc1)Cc1ccccc1,Test,0,5.768,2.21,0.18,3.40,1.47,0,0,1,3,1.40
101-77-9,Nc1ccc(cc1)Cc1ccc(cc1)N,Train,0,5.901,2.21,0.17,2.79,1.53,0,1,0,1,1.12
101-81-5,C(c1ccccc1)c1ccccc1,Train,0,5.614,2.21,0.19,4.15,1.47,0,0,0,1,2.97
101-84-8,O(c1ccccc1)c1ccccc1,Test,0,5.614,2.21,0.16,3.40,1.31,0,0,2,1,2.57
102-06-7,N=C(Nc1ccccc1)Nc1ccccc1,Test,0,5.030,2.07,0.16,3.09,1.54,0,1,0,2,1.05
102-70-5,C=CCN(CC=C)CC=C,Train,0,0,0.43,0.23,2.24,1.30,0,1,0,3,0.54
102-71-6,OCCN(CCO)CCO,Train,0,0,0.00,0.22,-0.94,1.35,0,1,6,1,0.35
10315-98-7,O1CCN(CC1)CC(C)C,Test,0,0,0.00,0.28,1.00,1.80,0,1,1,1,0.23
103-44-6,CCC(CCCC)COC=C,Train,0,0,0.14,0.29,2.75,2.31,0,0,2,3,2.94
103-50-4,C(c1ccccc1)OCc1ccccc1,Train,0,5.030,2.09,0.18,3.39,1.64,0,0,4,1,2.48
103-69-5,CCNc1ccccc1,Train,0,0,1.20,0.19,2.19,1.30,0,1,0,1,1.05
103-83-3,CN(Cc1ccccc1)C,Train,0,0,1.19,0.23,2.24,1.24,0,1,0,1,1.05
104294-16-8,Clc1c(c(cc(c1)Cl)Cl)Oc1ccc(cc1Cl)Cl,Train,5,6.219,2.31,0.20,5.22,1.23,0,0,2,3,3.95
104-40-5,Oc1ccc(cc1)CCCCCCCCC,Train,0,3.878,1.11,0.25,5.09,2.98,0,0,1,3,2.57
10453-86-8,CC(=CC1C(C1(C)C)C(=O)OCc1coc(c1)Cc1ccccc1)C,Train,0,6.117,2.15,0.20,3.91,3.06,0,0,10,3,3.55
104-88-1,O=Cc1ccc(cc1)Cl,Test,1,0,1.39,0.19,2.37,0.73,0,0,2,3,0.32
105-05-5,CCc1ccc(cc1)CC,Train,0,0,1.22,0.21,3.56,1.81,0,0,0,1,2.71
105-06-6,C=Cc1ccc(C=C)cc1,Test,0,0,1.53,0.17,3.39,1.06,0,0,0,1,2.48
10541-83-0,CNc1ccc(cc1)C(=O)O,Train,0,0,1.35,0.15,1.47,1.02,0,1,4,1,0.07
105512-06-9,O=C(OCC#C)C(Oc2ccc(Oc1ncc(cc1(F))Cl)cc2)C,Train,1,6.389,2.40,0.15,3.33,2.03,0,1,7,3,1.53
105-67-9,Oc1ccc(cc1C)C,Train,0,0,1.24,0.19,2.19,1.06,0,0,1,1,1.18
10605-21-7,O=C(NC1=Nc2c(cccc2)N1)OC,Train,0,5.662,2.17,0.14,1.05,1.16,1,1,0,1,0.30
106-37-6,Brc1ccc(cc1)Br,Test,2,0,1.23,0.33,3.80,0.63,0,0,0,1,2.25
106-41-2,Oc1ccc(cc1)Br,Train,1,0,1.23,0.24,2.30,0.64,0,0,1,1,1.21
106-42-3,c1cc(ccc1C)C,Train,0,0,1.23,0.22,2.94,1.06,0,0,0,3,1.17
106-43-4,Cc1ccc(cc1)Cl,Train,1,0,1.23,0.22,3.21,0.84,0,0,0,1,1.80
106-46-7,c1cc(ccc1Cl)Cl,Train,2,0,1.23,0.23,3.48,0.63,0,0,0,1,2.65
106-47-8,Nc1ccc(cc1)Cl,Train,1,0,1.23,0.20,2.13,0.68,0,1,0,1,0.72
106-48-9,Oc1ccc(cc1)Cl,Train,1,0,1.23,0.19,2.13,0.64,0,0,1,1,1.42
1067-97-6,O[Sn](CCCC)(CCCC)CCCC,Train,1,0,0.00,1.05,3.47,3.43,0,0,3,2,3.92
106-93-4,BrCCBr,Train,2,0,0.00,0.98,2.23,0.39,0,0,0,1,0.93
107-05-1,C=CCCl,Test,1,0,0.24,0.38,1.67,0.41,0,0,0,1,0.50
1071-83-6,OC(=O)CNCP(=O)(O)O,Train,1,0,0.29,0.27,-1.96,0.68,0,1,5,2,1.40
107-39-1,CC(CC(=C)C)(C)C,Train,0,0,0.17,0.37,3.15,1.38,0,0,0,1,2.81
107534-96-3,OC(Cn1ncnc1)(CCc2ccc(cc2)Cl)C(C)(C)C,Test,1,5.220,1.59,0.22,4.01,2.49,0,1,2,1,2.00
108-36-1,c1cc(cc(c1)Br)Br,Train,2,0,1.23,0.33,3.80,0.63,0,0,0,1,2.80
108-38-3,c1cc(cc(c1)C)C,Train,0,0,1.23,0.22,2.94,1.06,0,0,0,3,1.17
108-39-4,Oc1cccc(c1)C,Train,0,0,1.23,0.18,1.86,0.86,0,0,2,1,1.03
108-42-9,Nc1cccc(c1)Cl,Train,1,0,1.23,0.20,2.13,0.68,0,1,0,3,0.33
108-43-0,Oc1cc(ccc1)Cl,Train,1,0,1.23,0.19,2.13,0.64,0,0,1,1,1.14
108-45-2,Nc1cc(ccc1)N,Train,0,0,1.23,0.17,0.89,0.72,0,1,0,2,0.81
108-57-6,C=Cc1cccc(C=C)c1,Train,0,0,1.54,0.17,3.39,1.06,0,0,0,1,2.54
108-60-1,CC(OC(CCl)C)CCl,Train,2,0,0.00,0.30,2.27,1.25,0,0,0,1,1.02
108-62-3,O1C(OC(OC(OC1C)C)C)C,Train,0,0,0.00,0.18,0.98,1.78,0,0,8,2,1.04
108-67-8,Cc1cc(cc(c1)C)C,Train,0,0,1.24,0.22,3.26,1.25,0,0,0,1,2.35
108-70-3,Clc1cc(cc(c1)Cl)Cl,Train,3,0,1.24,0.24,4.06,0.61,0,0,0,1,3.14
108-78-1,Nc1nc(nc(n1)N)N,Train,0,0,1.24,0.12,-0.02,0.55,0,0,0,1,0.33
108-86-1,Brc1ccccc1,Train,1,0,1.23,0.28,3.05,0.65,0,0,0,1,1.40
108-87-2,CC1CCCCC1,Train,0,0,0.00,0.34,3.48,1.67,0,0,0,1,2.32
108-88-3,c1ccc(cc1)C,Train,0,0,1.23,0.21,2.61,0.86,0,0,0,3,0.92
108-90-7,ClC1CCCCC1,Test,1,0,0.00,0.36,2.57,1.38,0,0,0,1,1.31
108-95-2,Oc1ccccc1,Train,0,0,1.23,0.17,1.51,0.66,0,0,1,1,0.90
109-09-1,Clc1ccccn1,Train,1,0,1.23,0.19,1.11,0.57,0,1,0,2,1.03
109-69-3,CCCCCl,Train,1,0,0.00,0.47,2.23,1.07,0,0,0,1,1.22
110-00-9,c1cocc1,Train,0,0,0.95,0.16,0.16,0.44,0,0,0,1,0.52
110-02-1,c1cscc1,Train,1,0,0.95,0.32,1.17,0.44,0,0,0,1,0.79
110235-47-7,C(#CC)c1nc(nc(c1)C)Nc2ccccc2,Test,0,6.219,2.56,0.16,2.96,1.73,0,1,0,1,2.45
110-82-7,c1ccccc1,Test,0,0,1.22,0.19,2.26,0.67,0,0,0,1,1.94
110-85-0,C1CNCCN1,Train,0,0,0.00,0.25,-0.47,1.00,0,1,0,1,0.41
110-91-8,O1CCNCC1,Test,0,0,0.00,0.23,-0.47,0.92,0,1,0,1,0.22
111-44-4,ClCCOCCCl,Train,2,0,0.00,0.35,1.59,0.81,0,0,0,1,0.62
111479-05-1,O=C(OCCON=C(C)C)C(Oc3ccc(Oc1nc2ccc(cc2(nc1))Cl)cc3)C,Train,1,7.438,3.55,0.16,3.11,3.08,0,1,9,1,2.77
111-84-2,CCCCCCCCC,Train,0,0,0.00,0.40,4.52,2.50,0,0,0,3,3.15
111-94-4,N#CCCNCCC#N,Train,0,0,0.58,0.22,-0.38,1.10,0,1,0,1,-0.13
112281-77-3,FC(F)C(F)(F)OCC(c1ccc(cc1Cl)Cl)Cn2ncnc2,Test,2,5.894,1.61,0.16,4.28,1.78,0,1,2,3,1.55
112-40-3,CCCCCCCCCCCC,Train,0,1.386,0.00,0.38,5.40,3.25,0,0,0,3,2.59
112410-23-8,O=C(NN(C(=O)c1cc(cc(c1)C)C)C(C)(C)C)c2ccc(cc2)CC,Train,0,5.864,1.92,0.20,4.76,3.35,2,1,10,3,1.84
114369-43-6,N#CC(c1ccccc1)(Cn2ncnc2)CCc3ccc(cc3)Cl,Train,1,6.262,2.07,0.18,4.40,2.41,0,1,0,1,2.20
115-28-6,ClC12C(C(C(C1(Cl)Cl)(C(=C2Cl)Cl)Cl)C(=O)O)C(=O)O,Train,6,4.007,0.52,0.21,2.62,1.16,0,0,16,3,0.08
115-29-7,O=S1OCC2C(CO1)C3(C(=C(C2(C3(Cl)Cl)Cl)Cl)Cl)Cl,Train,7,5.231,0.44,0.24,3.12,1.39,0,0,8,2,3.44
115-32-2,OC(c1ccc(cc1)Cl)(c1ccc(cc1)Cl)C(Cl)(Cl)Cl,Train,5,5.901,1.97,0.23,5.15,1.53,0,0,4,1,3.78
115-77-5,OCC(CO)(CO)CO,Train,0,0,0.00,0.21,-1.32,0.90,0,0,0,1,0.03
115-86-6,O=P(Oc1ccccc1)(Oc2ccccc2)Oc3ccccc3,Test,1,6.124,2.23,0.19,4.79,2.09,0,0,21,3,2.38
115-90-2,CCOP(=S)(Oc1ccc(cc1)S(=O)C)OCC,Test,3,4.660,1.32,0.32,1.89,2.13,0,0,11,1,1.68
115-96-8,O=P(OCCCl)(OCCCl)OCCCl,Train,4,0,0.12,0.32,2.36,1.35,0,0,9,1,0.16
1163-19-5,O(c1c(c(c(c(c1Br)Br)Br)Br)Br)c2c(c(c(c(c2Br)Br)Br)Br)Br,Test,10,6.747,2.34,0.32,7.39,1.19,0,0,2,3,2.29
116714-46-6,O=C(NC(=O)c1c(F)cccc1(F))Nc2ccc(OC(F)(F)C(F)OC(F)(F)F)c(c2)Cl,Test,1,5.979,2.11,0.13,3.33,2.01,2,1,8,1,3.32
117-18-0,O=[N+]([O-])c1c(c(cc(c1Cl)Cl)Cl)Cl,Train,4,0,1.50,0.19,4.00,0.68,0,1,4,1,3.25
117-79-3,O=C1c2cc(ccc2C(=O)c2c1cccc2)N,Train,0,7.084,2.66,0.14,2.32,1.49,0,1,10,3,1.55
117-81-7,O=C(c1c(cccc1)C(=O)OCC(CCCC)CC)OCC(CCCC)CC,Train,0,5.420,1.37,0.22,5.43,5.02,0,0,18,3,2.38
118-44-5,c1ccc2c(c1)cccc2(NCC),Train,0,6.455,2.38,0.17,3.21,1.70,0,1,0,1,2.35
118-74-1,Clc1c(c(c(c(c1Cl)Cl)Cl)Cl)Cl,Train,6,0,1.27,0.23,5.21,0.59,0,0,0,1,4.27
118-79-6,Oc1c(cc(cc1Br)Br)Br,Train,3,0,1.25,0.31,3.76,0.62,0,0,1,1,2.71
118-83-2,FC(c1c(ccc(c1)Cl)[N+](=O)[O-])(F)F,Train,1,4.523,1.49,0.14,3.58,0.83,0,1,6,1,1.95
118-91-2,Clc1c(cccc1)C(=O)O,Train,1,0,1.38,0.17,2.30,0.75,0,0,4,1,0.75
118-96-7,O=[N+]([O-])c1cc(c(c(c1)[N+](=O)[O-])C)[N+](=O)[O-],Train,0,0,1.83,0.13,2.36,1.06,0,1,16,1,0.99
119-12-0,O=C1C=CC(=NN1c2ccccc2)OP(OCC)(OCC)=S,Test,2,6.072,1.81,0.23,2.89,2.46,1,1,11,3,0.77
119168-77-3,O=C(NCc1ccc(cc1)C(C)(C)C)c2c(c(nn2C)CC)Cl,Train,1,5.736,1.94,0.20,3.45,2.91,1,1,3,3,1.14
119-33-5,Oc1ccc(cc1[N+](=O)[O-])C,Test,0,0,1.50,0.15,1.70,0.92,0,1,5,1,0.96
119446-68-3,n1cnn(c1)CC2(OCC(O2)C)c4ccc(Oc3ccc(cc3)Cl)cc4Cl,Train,2,6.924,2.55,0.17,4.34,2.53,0,1,8,1,2.50
1194-65-6,N#Cc1c(cccc1Cl)Cl,Train,2,0,1.56,0.19,2.96,0.70,0,1,0,1,2.00
119-47-1,Oc1c(cc(cc1Cc1c(c(cc(c1)C)C(C)(C)C)O)C)C(C)(C)C,Test,0,6.711,2.32,0.23,5.15,3.39,0,0,10,3,2.67
119-56-2,OC(c1ccccc1)c2ccc(cc2)Cl,Train,1,5.768,2.15,0.18,3.66,1.44,0,0,4,3,1.82
119-61-9,O=C(c1ccccc1)c1ccccc1,Train,0,5.614,2.19,0.16,3.59,1.39,0,0,4,3,1.01
119-64-2,c1c2c(ccc1)cccc2,Test,0,4.375,2.37,0.17,3.39,1.06,0,0,0,1,2.50
119738-06-6,O=C(OCC1OCCC1)C(Oc4ccc(Oc2nc3ccc(cc3(nc2))Cl)cc4)C,Train,1,7.440,3.41,0.16,2.73,3.13,0,1,11,1,2.53
119-93-7,Cc1c(ccc(c1)c1cc(c(cc1)N)C)N,Test,0,6.477,2.28,0.17,3.05,1.74,0,1,0,1,1.64
120068-37-3,N#Cc1nn(c(N)c1S(=O)C(F)(F)F)c2c(cc(cc2Cl)C(F)(F)F)Cl,Test,3,7.201,2.29,0.16,2.65,1.43,0,1,1,1,2.51
120-12-7,c1c2c(cc3c1cccc3)cccc2,Train,0,7.744,3.53,0.16,4.33,1.46,0,0,0,1,3.26
120-54-7,C(N1CCCCC1)(=S)SSSSC(N2CCCCC2)=S,Train,6,3.367,0.14,0.46,1.94,2.75,2,1,0,3,1.18
120-71-8,Nc1cc(ccc1OC)C,Train,0,0,1.24,0.17,1.58,1.05,0,1,1,1,0.69
120-82-1,Clc1c(ccc(c1)Cl)Cl,Test,3,0,1.24,0.23,4.06,0.61,0,0,0,1,3.19
120-83-2,Clc1c(ccc(c1)Cl)O,Test,2,0,1.24,0.20,2.73,0.63,0,0,1,1,1.71
120928-09-8,n1cnc3ccccc3(c1OCCc2ccc(cc2)C(C)(C)C),Train,0,6.832,3.33,0.19,4.86,2.73,0,1,4,3,2.84
121-14-2,O=[N+]([O-])c1ccc(c(c1)[N+](=O)[O-])C,Train,0,0,1.70,0.14,2.24,0.99,0,1,10,1,0.90
1212-29-9,N(C(NC1CCCCC1)=S)C2CCCCC2,Test,1,3.045,0.08,0.27,2.73,3.00,2,1,0,3,0.65
121-44-8,CCN(CC)CC,Train,0,0,0.00,0.27,1.59,1.80,0,1,0,1,0.45
121552-61-2,n1c(nc(cc1C)C2CC2)Nc3ccccc3,Train,0,6.124,2.21,0.17,3.04,2.02,0,1,0,1,2.59
121-69-7,CN(c1ccccc1)C,Train,0,0,1.20,0.20,2.19,1.06,0,1,0,1,0.96
121-73-3,O=[N+]([O-])c1cccc(c1)Cl,Train,1,0,1.49,0.17,2.51,0.71,0,1,4,2,1.89
121-75-5,O=C(OCC)CC(C(=O)OCC)SP(OC)(OC)=S,Test,3,1.386,0.26,0.43,0.49,2.23,0,0,10,1,1.26
121-82-4,O=[N+]([O-])N1CN([N+](=O)[O-])CN([N+](=O)[O-])C1,Test,0,0,0.62,0.13,1.40,0.92,0,1,0,1,0.30
121-92-6,OC(=O)c1cccc(c1)[N+](=O)[O-],Train,0,0,1.60,0.13,1.64,0.83,0,1,8,1,0.60
122008-85-9,N#Cc2ccc(Oc1ccc(OC(C(=O)OCCCC)C)cc1)c(F)c2,Train,0,6.522,2.46,0.16,3.37,2.98,0,1,8,3,0.88
122-14-5,S=P(Oc1cc(c(cc1)[N+](=O)[O-])C)(OC)OC,Test,2,4.559,1.47,0.26,1.92,1.38,0,1,12,1,1.89
1222-05-5,CC1COCc2c1cc1c(c2)C(C(C1(C)C)C)(C)C,Train,0,6.285,1.27,0.22,4.25,2.96,0,0,2,3,3.02
122-34-9,n1c(nc(nc1NCC)Cl)NCC,Test,1,2.409,1.22,0.17,2.27,1.71,0,1,0,1,0.84
122-39-4,N(c1ccccc1)c1ccccc1,Train,0,5.614,2.21,0.17,3.40,1.35,0,1,0,1,2.24
123251-96-7,Nc1c(cc(cc1Cl)c1cc(c(c(c1)Cl)N)S(=O)(=O)O)S(=O)(=O)O,Train,4,7.371,2.62,0.21,1.00,1.48,0,1,12,1,-0.10
123-63-7,CC1OC(OC(O1)C)C,Train,0,0,0.00,0.18,0.70,1.33,0,0,3,1,0.28
123-91-1,C1COCCO1,Train,0,0,0.00,0.20,-0.47,0.83,0,0,0,1,-0.29
124-11-8,CCCCCCCC=C,Test,0,0,0.16,0.36,4.38,2.08,0,0,0,3,3.18
1241-94-7,O=P(Oc1ccccc1)(Oc1ccccc1)OCC(CCCC)CC,Train,1,5.547,1.70,0.23,5.21,3.52,0,0,19,3,2.59
124495-18-7,Fc3ccc(Oc2ccnc1cc(cc(c12)Cl)Cl)cc3,Train,2,7.400,3.39,0.16,4.30,1.58,0,1,3,1,3.70
125116-23-6,OC3(Cn1ncnc1)(C(Cc2ccc(cc2)Cl)CCC3(C)(C)),Train,1,5.724,1.63,0.21,4.25,2.65,0,1,2,1,2.11
126-30-7,CC(CO)(CO)C,Train,0,0,0.00,0.31,0.33,0.95,0,0,0,1,0.42
126-33-0,O=S1(=O)CCCC1,Train,1,0,0.37,0.42,0.09,0.97,0,0,0,1,0.62
126-72-7,O=P(OCC(CBr)Br)(OCC(CBr)Br)OCC(CBr)Br,Train,7,2.565,0.09,0.46,4.76,1.74,0,0,9,3,0.45
126-73-8,O=P(OCCCC)(OCCCC)OCCCC,Train,1,1.946,0.10,0.32,3.23,3.38,0,0,12,3,1.38
126833-17-8,O=C(Nc1ccc(O)c(c1Cl)Cl)C2(C)(CCCCC2),Train,2,5.039,1.19,0.21,3.44,2.32,1,1,5,1,2.20
127-18-4,ClC(=C(Cl)Cl)Cl,Train,4,0,0.34,0.40,2.46,0.21,0,0,0,1,1.78
"127-20-8,CAE_NA_01",O=C(O)C(C)(Cl)Cl,Train,2,0,0.19,0.32,1.00,0.48,0,0,0,2,0.76
128-37-0,Oc1c(cc(cc1C(C)(C)C)C)C(C)(C)C,Train,0,0,1.24,0.26,4.18,2.38,0,0,7,3,3.12
128639-02-1,O=C(OCC)C(Cc1cc(c(F)cc1Cl)N2N=C(N(C2(=O))C(F)F)C)Cl,Train,2,6.425,1.66,0.16,4.34,2.36,2,1,6,1,2.25
129-00-0,c1c2c3c4c(c1)cccc4ccc3ccc2,Train,0,8.699,4.16,0.15,4.76,1.65,0,0,0,1,2.97
129-43-1,O=C1c2c(cccc2O)C(=O)c2c1cccc2,Test,0,7.063,2.67,0.14,2.84,1.46,0,0,13,1,2.31
129630-19-9,O=C(OCC)COc1cc(c(F)cc1Cl)c2nn(c(OC(F)F)c2Cl)C,Train,2,6.917,2.16,0.15,3.12,2.20,0,1,7,3,0.38
13029-08-8,Clc1c(cccc1)c1c(cccc1)Cl,Train,2,5.991,2.35,0.19,4.95,1.26,0,0,0,1,3.64
13071-79-9,CCOP(=S)(SCSC(C)(C)C)OCC,Train,4,0,0.11,0.65,1.97,2.26,0,0,2,1,2.73
131-09-9,O=C1c2c(ccc(c2)Cl)C(=O)c2c1cccc2,Train,1,7.084,2.66,0.16,3.42,1.44,0,0,10,3,2.31
13116-53-5,ClC(CCl)(CCl)Cl,Train,4,0,0.00,0.41,2.96,0.46,0,0,0,1,1.60
131341-86-1,N#Cc1c[nH]cc1c3cccc2OC(F)(F)Oc23,Train,0,6.766,2.44,0.12,1.42,1.32,0,1,5,1,2.56
131-57-7,O=C(c1c(cc(cc1)OC)O)c1ccccc1,Test,0,5.981,2.21,0.15,3.18,1.54,0,0,7,1,2.03
131807-57-3,O=C4OC(c2ccc(Oc1ccccc1)cc2)(C(=O)N4(Nc3ccccc3))C,Test,0,6.895,2.96,0.15,3.26,2.62,1,1,11,1,3.48
131983-72-7,O=C(OCC)C1CC(=O)C(C(=O)C1)=C(O)C2CC2,Train,0,4.263,0.66,0.18,0.41,2.32,0,0,13,1,0.78
132-64-9,c1cccc2c1c1ccccc1o2,Test,0,7.233,3.24,0.15,2.86,1.27,0,0,2,1,3.19
132-65-0,c1c2c3c(sc2ccc1)cccc3,Train,1,7.233,3.24,0.20,3.88,1.27,0,0,0,1,3.11
13286-32-3,O=P(OCC)(OCC)SCc1ccccc1,Train,2,4.559,1.15,0.36,2.25,2.12,0,0,7,3,1.51
133-06-2,O=C1N(C(=O)C2CC=CCC12)SC(Cl)(Cl)Cl,Train,4,4.234,0.55,0.30,1.82,1.42,1,1,6,1,1.98
133-07-3,O=C1c2ccccc2(C(=O)N1SC(Cl)(Cl)Cl),Train,4,5.433,1.45,0.27,2.57,1.05,1,1,6,1,1.75
13358-11-7,O=C1N(C(=O)C3C1C2(C=CC3(CC2)C(C)C)(C))CC(CC)CCCC,Train,0,5.720,0.46,0.22,4.25,4.51,1,1,10,3,3.07
133855-98-8/106325-08-0,Fc1ccc(cc1)C3(OC3(c2ccccc2Cl))(Cn4ncnc4),Train,1,6.866,2.22,0.16,4.40,2.05,0,1,5,1,1.84
134098-61-6,O=C(OC(C)(C)C)c1ccc(cc1)CON=Cc3c(nn(c3(Oc2ccccc2))C)C,Test,0,6.747,3.70,0.18,4.08,3.29,0,1,13,1,3.20
134-32-7,Nc1c2c(ccc1)cccc2,Train,0,6.290,2.38,0.16,2.64,1.10,0,1,0,1,1.44
134-62-3,O=C(c1cc(ccc1)C)N(CC)CC,Train,0,3.726,1.25,0.19,2.82,2.16,1,1,4,3,0.34
13540-50-6,Cc1ccc(cc1Cc1ccccc1)C,Test,0,5.901,2.25,0.20,4.67,1.87,0,0,0,3,3.23
135-88-6,c1c2c(ccc1Nc1ccccc1)cccc2,Test,0,7.163,3.34,0.16,4.28,1.74,0,1,0,3,2.38
136426-54-5,O=C2c4cc(F)ccc4(N=C(n1ncnc1)N2c3ccc(cc3Cl)Cl),Train,2,7.657,3.37,0.15,4.85,1.83,1,1,4,1,1.94
13674-84-5,O=P(OC(CCl)C)(OC(CCl)C)OC(CCl)C,Train,4,0,0.10,0.29,3.23,2.01,0,0,18,3,0.69
13674-87-8,O=P(OC(CCl)CCl)(OC(CCl)CCl)OC(CCl)CCl,Train,7,0,0.09,0.29,4.03,1.73,0,0,18,3,1.18
13684-56-5,O=C(Oc1cccc(c1)NC(=O)OCC)Nc2ccccc2,Train,0,5.527,2.18,0.15,2.09,2.21,2,1,12,1,2.20
13684-63-4,O=C(Oc1cccc(c1)NC(=O)OC)Nc2cccc(c2)C,Train,0,5.538,2.22,0.15,2.09,1.99,2,1,11,1,2.22
137-26-8,C(N(C)C)(=S)SSC(N(C)C)=S,Train,4,0,0.26,0.42,0.45,1.09,2,0,0,1,0.54
13936-21-5,O=C1c2c(ccc(c2)CCCCC)C(=O)c2c1cccc2,Train,0,7.240,2.63,0.17,4.11,2.78,0,0,10,3,3.02
141112-29-0,O=C(c1cnoc1C2CC2)c3ccc(cc3S(=O)(=O)C)C(F)(F)F,Train,1,6.676,2.30,0.19,2.86,2.06,0,1,10,1,1.04
141-93-5,CCc1cc(ccc1)CC,Test,0,0,1.22,0.21,3.56,1.81,0,0,0,1,2.77
142459-58-3,O=C(N(c1ccc(F)cc1)C(C)C)COc2nnc(C(F)(F)F)s2,Test,1,5.244,1.74,0.17,3.30,2.11,1,1,8,1,1.85
142-96-1,CCCCOCCCC,Train,0,0,0.00,0.33,2.27,2.17,0,0,2,1,1.89
143390-89-0,O=C(OC)C(=NOC)c1ccccc1COc2ccccc2C,Train,0,6.152,2.60,0.16,3.07,2.25,0,1,10,1,2.34
143-50-0,O=C1C2(C3(C4(C1(C5(C2(C3(C(C45Cl)(Cl)Cl)Cl)Cl)Cl)Cl)Cl)Cl)Cl,Train,10,6.405,0.11,0.21,4.91,1.27,0,0,2,3,3.19
144-19-4,CC(C(C(C)C)O)(CO)C,Train,0,0,0.00,0.30,1.39,1.65,0,0,1,3,-0.16
145-73-3,O=C(O)C2C1OC(CC1)C2(C(=O)O),Train,0,2.303,0.24,0.17,-0.06,1.38,0,0,12,3,-0.40
"1461-22-9,56573-85-4",CCCC[Sn](CCCC)(CCCC)Cl,Train,2,0,0.00,1.38,4.76,3.41,0,0,0,1,3.30
14816-18-3,S=P(ON=C(c1ccccc1)C#N)(OCC)OCC,Test,2,5.059,1.65,0.26,1.85,2.17,0,1,8,1,2.89
148-79-8,n1cscc1c2nc3ccccc3([nH]2),Train,1,6.882,2.88,0.17,1.53,1.16,0,1,0,2,1.98
1490-04-6/2216-51-5,OC1CC(C)CCC1(C(C)C),Train,0,0,0.00,0.29,2.50,2.21,0,0,4,3,1.04
149-30-4,SC1=Nc2c(cccc2)S1,Train,2,3.956,2.09,0.25,1.77,0.80,0,1,0,3,0.65
1502-22-3,O=C1CCCCC1C2=CCCCC2,Test,0,3.219,0.43,0.24,2.82,2.38,0,0,3,3,0.65
1506-02-1,CC1CC(C)(C)c2c(C1(C)C)cc(c(c2)C(=O)C)C,Train,0,5.752,1.34,0.23,4.82,2.90,0,0,3,3,2.78
15258-73-8,OCc1c(cccc1Cl)Cl,Test,2,0,1.26,0.21,2.78,0.81,0,0,2,3,0.43
15299-99-7,O=C(N(CC)CC)C(Oc1cccc2ccccc12)C,Train,0,6.760,2.39,0.17,3.10,2.82,1,1,8,1,1.99
156052-68-5,O=C(NC(C(=O)CCl)(C)CC)c1cc(c(c(c1)Cl)C)Cl,Train,3,5.048,1.26,0.20,3.72,2.19,1,1,7,1,2.06
1563-66-2,O=C(Oc2cccc1c2(OC(C)(C)C1))NC,Train,0,5.098,1.37,0.18,1.46,1.79,1,0,7,1,1.08
156-43-4,CCOc1ccc(cc1)N,Train,0,0,1.21,0.17,1.58,1.26,0,1,1,1,0.76
1570-64-5,Cc1c(ccc(c1)Cl)O,Train,1,0,1.24,0.20,2.46,0.84,0,0,1,1,1.28
1582-09-8,O=[N+]([O-])c1cc(cc(c1N(CCC)CCC)[N+](=O)[O-])C(F)(F)F,Train,0,5.411,1.58,0.15,4.21,2.61,0,1,8,1,3.44
15862-07-4,Clc1c(cc(c(c1)Cl)Cl)c1ccccc1,Train,3,6.173,2.29,0.20,5.47,1.24,0,0,0,1,3.88
15968-05-5,c2cc(c(c1c(cccc1Cl)Cl)c(c2)Cl)Cl,Train,4,6.285,2.41,0.20,5.99,1.23,0,0,0,1,3.85
15972-60-8,O=C(N(c1c(cccc1CC)CC)COC)CCl,Train,1,4.808,1.32,0.19,3.18,2.45,1,1,5,3,1.12
161050-58-4,O=C(NN(C(=O)c1cc(cc(c1)C)C)C(C)(C)C)c2cccc(OC)c2C,Train,0,5.852,1.97,0.19,4.24,3.14,2,1,13,3,1.04
16219-75-3,CC=C1C2CC(C1)C=C2,Test,0,0,0.63,0.22,2.96,1.46,0,0,0,3,2.05
1623-19-4,O=P(OCC=C)(OCC=C)OCC=C,Train,1,0,0.44,0.26,2.06,1.38,0,0,9,3,-0.01
1634-04-4,O(C)C(C)(C)C,Train,0,0,0.00,0.33,1.21,0.96,0,0,0,1,0.18
16517-11-6,OC(=O)C(C(C(C(C(C(C(C(C(C(C(C(C(C(C(C(C(F)(F)F)(F)F)(F)F)(F)F)(F)F)(F)F)(F)F)(F)F)(F)F)(F)F)(F)F)(F)F)(F)F)(F)F)(F)F)(F)F)(F)F,Train,0,4.605,0.03,0.10,8.32,2.40,0,0,2,2,2.65
16605-91-7,Clc1c(cccc1Cl)c1ccccc1,Train,2,6.019,2.31,0.19,4.95,1.26,0,0,0,1,3.85
16606-02-3,Clc1c(cc(cc1)Cl)c1ccc(cc1)Cl,Test,3,6.173,2.31,0.20,5.47,1.23,0,0,0,1,4.09
16766-29-3,O(c1cc(c(c(c1(OC))Cl)Cl)Cl)C,Train,3,2.151,1.26,0.19,3.03,0.94,0,0,4,2,3.50
1687-30-5,O=C(O)C1CCCCC1(C(=O)O),Train,0,2.303,0.26,0.20,0.73,1.54,0,0,12,1,0.05
1689-83-4,N#Cc1cc(c(O)c(c1)I)I,Test,2,0,1.52,0.28,2.94,0.69,0,1,1,3,1.46
1689-84-5,N#Cc1cc(c(O)c(c1)Br)Br,Train,2,0,1.52,0.24,2.65,0.69,0,1,1,3,0.84
1702-17-6,O=C(O)c1nc(ccc1Cl)Cl,Test,2,0,1.38,0.17,1.34,0.67,0,1,4,1,0.00
17109-49-8,O=P(OCC)(Sc1ccccc1)Sc2ccccc2,Train,3,5.316,1.93,0.42,3.78,2.02,0,0,9,3,1.51
1712-70-5,Clc1ccc(cc1)C(=C)C,Train,1,0,1.36,0.21,3.74,1.03,0,0,0,1,2.87
173584-44-6,O=C(OC)N(C(=O)N2N=C3c1ccc(cc1CC3(OC2)(C(=O)OC))Cl)c4ccc(OC(F)(F)F)cc4,Train,1,7.224,2.57,0.14,2.78,2.78,2,1,17,3,2.72
1740-19-8,O=C(O)C2(C)(CCCC3(c1ccc(cc1CCC23)C(C)C)(C)),Train,0,6.381,1.31,0.22,4.55,3.43,0,0,6,3,2.12
1746-01-6,O1c3cc(c(cc3(Oc2cc(c(cc12)Cl)Cl))Cl)Cl,Test,4,7.183,2.48,0.18,4.09,1.23,0,0,4,1,4.79
1746-81-2,O=C(Nc1ccc(cc1)Cl)N(OC)C,Train,1,3.876,1.24,0.17,2.09,1.21,2,1,4,1,1.15
175013-18-0,O=C(OC)N(OC)c1ccccc1COc2nn(cc2)c3ccc(cc3)Cl,Train,1,6.822,3.29,0.15,3.69,2.36,1,1,13,1,2.85
1763-23-1,FC(C(C(C(C(C(C(C(S(=O)(=O)O)(F)F)(F)F)(F)F)(F)F)(F)F)(F)F)(F)F)(F)F,Train,1,3.219,0.12,0.12,3.88,1.18,0,0,3,2,3.73
17700-09-3,O=[N+]([O-])c1ccc(c(c1Cl)Cl)Cl,Train,3,0,1.49,0.18,3.70,0.69,0,1,4,1,2.20
17804-35-2,O=C(OC)Nc2nc1ccccc1n2(C(=O)NCCCC),Train,0,6.553,2.29,0.15,1.66,2.42,2,1,3,1,1.43
1805-32-9,OCc1ccc(c(c1)Cl)Cl,Train,2,0,1.24,0.21,2.78,0.80,0,0,2,3,0.51
18181-70-9,O(c1cc(c(cc1Cl)I)Cl)P(OC)(OC)=S,Train,5,4.275,1.29,0.34,3.60,1.07,0,0,5,1,3.62
1825-21-4,O(c1c(c(c(c(c1Cl)Cl)Cl)Cl)Cl)C,Train,5,0,1.27,0.21,4.19,0.76,0,0,1,1,4.16
1825-31-6,c1ccc2c(c1)c(ccc2Cl)Cl,Train,2,6.451,2.38,0.19,4.49,1.04,0,0,0,1,3.75
18259-05-7,Clc1c(c(c(c(c1c1ccccc1)Cl)Cl)Cl)Cl,Train,5,6.366,2.29,0.20,6.23,1.23,0,0,0,1,4.85
1836-77-7,Clc1cc(cc(c1Oc1ccc(cc1)[N+](=O)[O-])Cl)Cl,Test,3,6.491,2.46,0.17,4.30,1.32,0,1,6,1,3.31
1861-32-1,O=C(OC)c1c(c(c(C(=O)OC)c(c1Cl)Cl)Cl)Cl,Train,4,3.641,1.44,0.17,3.65,1.14,0,0,8,1,3.41
1861-40-1,O=[N+]([O-])c1cc(cc(c1N(CC)CCCC)[N+](=O)[O-])C(F)(F)F,Test,0,5.324,1.58,0.15,4.21,2.61,0,1,8,3,3.20
18708-70-8,O=[N+]([O-])c1c(cc(cc1Cl)Cl)Cl,Train,3,0,1.50,0.19,3.70,0.68,0,1,4,1,2.60
18854-01-8,n1oc(cc1OP(OCC)(OCC)=S)c2ccccc2,Test,2,6.259,2.06,0.24,2.81,2.31,0,1,9,1,2.74
18936-52-2,N#Cc1cc(ccc1(OP(OC)(OC)=S))Cl,Train,3,4.437,1.56,0.28,1.87,1.16,0,1,5,1,2.33
1897-45-6,N#Cc1c(c(C#N)c(c(c1Cl)Cl)Cl)Cl,Train,4,0,1.72,0.19,3.13,0.74,0,1,0,1,1.53
19044-88-3,O=[N+]([O-])c1cc(cc(c1N(CCC)CCC)[N+](=O)[O-])S(=O)(=O)N,Train,1,5.524,1.72,0.19,1.96,2.59,0,1,12,3,1.88
1912-24-9,n1c(nc(nc1NC(C)C)Cl)NCC,Train,1,2.784,1.21,0.19,2.59,1.84,0,1,0,3,0.73
1918-02-1,O=C(O)c1nc(c(c(N)c1Cl)Cl)Cl,Train,3,0,1.38,0.17,1.12,0.70,0,1,4,3,-1.70
1918-16-7,O=C(N(c1ccccc1)C(C)C)CCl,Train,1,2.784,1.20,0.20,2.82,1.68,1,1,4,1,1.57
19666-30-9,O=C1OC(=NN1c2cc(OC(C)C)c(cc2Cl)Cl)C(C)(C)C,Train,2,6.208,1.60,0.20,4.03,2.42,1,1,6,3,2.49
198-55-0,c1ccc2c3c1c1c4c(cccc4ccc1)c3ccc2,Train,0,9.298,5.29,0.15,5.55,2.06,0,0,0,3,2.38
20020-02-4,Clc1c(c(c(c2c1cccc2)Cl)Cl)Cl,Train,4,6.668,2.40,0.20,5.57,1.02,0,0,0,3,3.52
2008-41-5,O=C(N(CC(C)C)CC(C)C)SCC,Train,1,0,0.12,0.35,2.57,2.58,1,1,3,1,2.61
2032-65-7,O=C(Oc1cc(c(c(c1)C)SC)C)NC,Train,1,3.498,1.32,0.20,2.38,1.60,1,0,5,1,1.88
2042-14-0,Cc1ccc(cc1[N+](=O)[O-])O,Test,0,0,1.50,0.15,1.70,0.92,0,1,7,1,1.02
2050-67-1,Clc1cccc(c1)c1cccc(c1)Cl,Test,2,6.149,2.29,0.20,4.95,1.25,0,0,0,3,2.63
2050-68-2,c1cc(ccc1c2ccc(cc2)Cl)Cl,Train,2,6.196,2.27,0.19,4.95,1.25,0,0,0,1,3.58
2050-74-0,c2cc1cccc(c1c(c2)Cl)Cl,Test,2,6.423,2.39,0.19,4.49,1.04,0,0,0,2,3.79
2050-76-2,Oc1c(cc(c2c1cccc2)Cl)Cl,Train,2,6.565,2.39,0.18,3.75,1.04,0,0,3,3,1.19
2051-24-3,c2(c1c(c(c(c(c1Cl)Cl)Cl)Cl)Cl)c(c(c(c(c2Cl)Cl)Cl)Cl)Cl,Train,10,6.988,2.38,0.21,7.37,1.17,0,0,0,1,4.24
2051-62-9,Clc1ccc(cc1)c1ccccc1,Train,1,5.932,2.27,0.18,4.42,1.27,0,0,0,3,2.43
206-44-0,c1ccc2c3c1c1ccccc1c3ccc2,Train,0,8.486,4.12,0.15,4.76,1.65,0,0,0,1,3.50
208-96-8,c1cc2cccc3C=Cc(c1)c23,Train,0,7.097,2.69,0.16,3.88,1.24,0,0,0,1,2.48
2104-64-5,S=P(c1ccccc1)(Oc1ccc(cc1)[N+](=O)[O-])OCC,Test,2,6.027,2.18,0.25,3.31,2.06,0,1,12,1,2.84
2104-96-3,O(c1cc(c(cc1Cl)Br)Cl)P(OC)(OC)=S,Test,5,4.275,1.29,0.32,3.46,1.07,0,0,5,3,2.12
21087-64-9,CC(C)(C)C1=NN=C(N(C1=O)N)SC,Train,1,0,0.89,0.23,1.60,1.43,1,1,3,1,1.02
2136-99-4,c2c(c(c(c1c(c(cc(c1Cl)Cl)Cl)Cl)c(c2Cl)Cl)Cl)Cl,Test,8,6.803,2.39,0.21,6.93,1.18,0,0,0,2,5.82
21564-17-0,N#CSCSC1=Nc2ccccc2S1,Test,3,5.662,2.27,0.31,2.24,1.05,0,1,0,1,2.07
21609-90-5,O(c1cc(c(cc1Cl)Br)Cl)P(OC)(c2ccccc2)=S,Train,5,5.873,2.07,0.30,4.54,1.54,0,0,7,3,3.78
2164-17-2,O=C(Nc1cccc(c1)C(F)(F)F)N(C)C,Train,0,4.467,1.28,0.15,2.52,1.34,2,1,2,1,1.61
217-59-4,c1cccc2c1c1ccccc1c1c2cccc1,Train,0,8.598,4.69,0.16,5.17,1.88,0,0,0,3,2.41
218-01-9,c1cc2ccccc2c2ccc3c(c12)cccc3,Train,0,8.626,4.72,0.16,5.17,1.87,0,0,0,3,2.24
218-165-4,FC(F)(C(F)(F)C(=O)O)C(F)(F)C(F)(F)C(F)(F)C(F)(F)C(F)(F)C(F)(F)C(F)(F)C(F)(F)F,Train,0,3.611,0.05,0.10,5.57,1.47,0,0,2,2,3.46
2216-69-5,COc1cccc2c1cccc2,Test,0,6.381,2.38,0.16,2.93,1.22,0,0,3,1,2.26
22224-92-6,O=P(Oc1ccc(c(c1)C)SC)(OCC)NC(C)C,Train,2,4.660,1.20,0.27,3.75,2.49,0,1,14,1,2.04
2234-13-1,c12(c(c(c(c(c1Cl)Cl)Cl)Cl)c(c(c(c2Cl)Cl)Cl)Cl),Train,8,7.157,2.41,0.21,6.55,0.97,0,0,0,3,2.58
2243-62-1,Nc1c2c(ccc1)c(ccc2)N,Test,0,6.423,2.39,0.16,2.02,1.13,0,1,0,1,0.46
2255-17-6,O=[N+]([O-])c1ccc(OP(=O)(OC)OC)cc1C,Train,1,4.559,1.47,0.21,2.38,1.38,0,1,14,1,0.44
226-36-8,n3c5ccc1ccccc1c5(cc4ccc2ccccc2c34),Train,0,9.194,5.90,0.15,4.68,2.20,0,1,0,3,2.03
23031-36-9,C#CCC1=C(C)C(CC1=O)OC(=O)[C@H]1[C@@H](C1(C)C)C=C(C)C,Train,0,5.011,0.85,0.21,3.40,2.82,0,0,11,1,3.06
2303-17-5,O=C(N(C(C)C)C(C)C)SCC(=C(Cl)Cl)Cl,Train,4,0,0.35,0.31,3.01,1.98,1,1,5,1,3.15
2310-17-0,O=C2Oc1cc(ccc1N2CSP(OCC)(OCC)=S)Cl,Train,4,5.502,1.35,0.34,1.66,2.25,1,1,5,3,2.26
23103-98-2,O=C(Oc1nc(nc(c1C)C)N(C)C)N(C)C,Test,0,4.652,1.31,0.18,1.65,1.85,1,1,2,2,1.38
2312-35-8,O=S(OCC#C)OC2CCCCC2(Oc1ccc(cc1)C(C)(C)C),Train,1,5.430,1.27,0.23,3.27,3.09,0,0,10,2,4.14
23135-22-0,O=C(ON=C(C(=O)N(C)C)SC)NC,Train,1,0,0.62,0.20,-0.46,1.24,2,1,3,1,0.30
23184-66-9,O=C(N(c1c(cccc1CC)CC)COCCCC)CCl,Test,1,5.016,1.27,0.20,3.91,3.37,1,1,6,3,0.38
2385-85-5,C13(C4(C2(C5(C(C1(C2(Cl)Cl)Cl)(C3(C(C45Cl)(Cl)Cl)Cl)Cl)Cl)Cl)Cl)Cl,Test,12,6.405,0.00,0.23,6.52,1.30,0,0,0,1,4.31
24019-05-4,OS(=O)(=O)c1c(ccc(c1)Cl)Oc1c(cc(cc1)Cl)NC(=O)Nc1cc(c(cc1)Cl)Cl,Train,5,6.894,3.65,0.19,3.31,2.17,2,1,13,2,1.90
2437-79-8,c1cc(cc(c1c2ccc(cc2Cl)Cl)Cl)Cl,Test,4,6.366,2.33,0.21,5.99,1.22,0,0,0,1,4.39
24579-73-5,O=C(OCCC)NCCCN(C)C,Train,0,1.386,0.12,0.25,0.73,2.10,1,1,3,2,1.73
2460-49-3,Oc1cc(c(cc1(OC))Cl)Cl,Train,2,0,1.25,0.18,2.43,0.79,0,0,3,1,1.98
2463-84-5,O=[N+]([O-])c1ccc(OP(OC)(OC)=S)c(c1)Cl,Train,3,4.751,1.48,0.26,2.19,1.17,0,1,9,1,1.89
2497-06-5,O=S(=O)(CC)CCSP(OCC)(OCC)=S,Train,4,1.099,0.30,0.59,0.62,2.36,0,0,4,1,0.52
2497-07-6,O=S(CC)CCSP(OCC)(OCC)=S,Train,4,1.099,0.22,0.64,0.71,2.33,0,0,4,3,0.00
2498-66-0,O=C1c2c(ccc3c2cccc3)C(=O)c2c1cccc2,Train,0,8.026,3.81,0.15,3.73,1.86,0,0,11,3,1.63
25057-89-0,O=C1c2ccccc2(NS(=O)(=O)N1C(C)C),Test,1,5.633,1.54,0.21,1.55,1.64,1,1,12,1,1.32
25154-54-5,O=[N+]([O-])c1ccccc1[N+](=O)[O-],Train,0,4.808,1.77,0.13,1.89,0.80,0,1,8,1,1.16
25311-71-1,O=C(OC(C)C)c1ccccc1(OP(OCC)(NC(C)C)=S),Test,2,5.096,1.39,0.28,2.99,2.96,0,1,14,3,2.12
2531-84-2,c1ccc3c(c1)ccc2cc(ccc23)C,Train,0,7.819,3.53,0.17,4.59,1.66,0,0,0,1,3.48
25321-09-9,c1ccc(c(c1)C(C)C)C(C)C,Test,0,3.446,1.25,0.25,4.14,2.06,0,0,0,1,3.26
2539-17-5,Oc1c(OC)c(c(c(c1Cl)Cl)Cl)Cl,Train,4,0,1.27,0.19,3.03,0.78,0,0,3,3,2.56
2581-34-2,Cc1cc(ccc1[N+](=O)[O-])O,Test,0,0,1.50,0.15,1.70,0.92,0,1,8,1,1.16
2593-15-9,n1c(nsc1OCC)C(Cl)(Cl)Cl,Train,4,0,0.93,0.28,2.07,1.02,0,1,1,1,2.22
2597-03-7,O=C(OCC)C(c1ccccc1)SP(OC)(OC)=S,Test,3,4.676,1.14,0.40,1.64,1.97,0,0,9,3,1.80
26002-80-2,CC(=CC1C(C1(C)C)C(=O)OCc1cccc(c1)Oc1ccccc1)C,Train,0,6.329,2.38,0.19,4.58,3.10,0,0,12,3,2.62
26087-47-8,O=P(OC(C)C)(OC(C)C)SCc1ccccc1,Train,2,4.691,1.10,0.35,2.80,2.40,0,0,11,3,0.97
260-94-6,n1c3ccccc3(cc2ccccc12),Train,0,7.744,3.53,0.15,3.05,1.39,0,1,0,1,2.25
26225-79-6,O=S(=O)(Oc1ccc2OC(OCC)C(c2(c1))(C)C)C,Train,1,5.828,1.40,0.21,1.67,2.18,0,0,10,2,2.16
26259-45-0,CCNc1nc(NC(CC)C)nc(n1)OC,Train,0,4.076,1.21,0.17,2.53,2.34,0,1,0,3,1.20
2631-40-5,CC(c1ccccc1OC(=O)NC)C,Train,0,3.992,1.35,0.19,2.11,1.75,1,0,5,1,0.82
2636-26-2,N#Cc1ccc(OP(OC)(OC)=S)cc1,Test,2,4.275,1.49,0.28,1.30,1.18,0,1,5,1,1.56
2642-71-9,CCOP(=S)(OCC)SCN1C(=O)C2=CC=CC=C2N=N1,Train,3,6.099,1.77,0.34,1.48,2.33,1,1,4,1,2.27
26530-20-1,O=C1C=CSN1CCCCCCCC,Train,1,2.944,0.45,0.28,3.25,2.48,1,1,1,2,2.22
2655-14-3,Cc1cc(cc(c1)OC(=O)NC)C,Train,0,3.270,1.31,0.17,1.82,1.44,1,0,5,3,0.35
26644-46-2,O=CNC(N1CCN(CC1)C(NC=O)C(Cl)(Cl)Cl)C(Cl)(Cl)Cl,Train,6,4.043,0.16,0.29,1.40,1.86,2,1,2,3,0.00
2668-24-8,Oc1c(OC)cc(c(c1Cl)Cl)Cl,Test,3,0,1.26,0.19,2.74,0.78,0,0,3,1,2.07
2691-41-0,O=[N+]([O-])N1CN([N+](=O)[O-])CN([N+](=O)[O-])CN([N+](=O)[O-])C1,Train,0,4.174,0.63,0.13,2.36,1.23,0,1,0,1,-0.30
27314-13-2,O=C1C(=C(C=NN1c2cccc(c2)C(F)(F)F)NC)Cl,Train,1,6.267,1.94,0.14,2.90,1.53,1,1,3,1,1.45
28076-73-5,Clc1c(ccc(c1)Cl)Oc1c(cc(cc1)Cl)Cl,Train,4,6.124,2.28,0.20,4.97,1.24,0,0,2,1,4.14
28249-77-6,O=C(N(CC)CC)SCc1ccc(cc1)Cl,Train,2,4.541,1.19,0.24,3.09,2.13,1,1,3,1,2.25
2921-88-2,n1c(OP(OCC)(OCC)=S)c(cc(c1Cl)Cl)Cl,Test,5,4.660,1.25,0.28,3.21,1.84,0,1,7,1,3.10
"294-62-2,830-13-7",C1CCCCCCCCCCC1,Train,0,2.565,0.00,0.35,5.00,3.00,0,0,0,2,3.95
29761-21-5,O=P(Oc1ccccc1)(Oc1ccccc1)OCCCCCCCC(C)C,Test,1,5.485,1.64,0.24,5.65,3.86,0,0,18,3,2.73
298-00-0,O=[N+]([O-])c1ccc(OP(OC)(OC)=S)cc1,Train,2,4.447,1.47,0.26,1.60,1.18,0,1,9,1,1.89
298-02-2,O(CC)P(OCC)(=S)SCSCC,Test,4,0,0.12,0.71,1.32,2.05,0,0,2,1,2.68
298-04-4,O(CC)P(OCC)(=S)SCCSCC,Test,4,1.099,0.12,0.68,1.65,2.30,0,0,4,1,2.48
298-06-6,O(CC)P(OCC)(=S)S,Test,3,0,0.16,0.66,0.18,1.31,0,0,2,1,0.45
298-07-7,OP(=O)(OCC(CCCC)CC)OCC(CCCC)CC,Train,1,2.565,0.08,0.31,4.27,4.31,0,0,10,3,0.62
299-84-3,O(c1cc(c(cc1Cl)Cl)Cl)P(OC)(OC)=S,Test,5,4.275,1.29,0.30,3.32,1.07,0,0,5,1,3.58
300-76-5,COP(=O)(OC(C(Br)(Cl)Cl)Br)OC,Train,5,0,0.12,0.44,2.36,0.76,0,0,3,1,0.93
30560-19-1,O=C(NP(=O)(OC)SC)C,Train,2,0,0.29,0.50,-0.76,0.84,1,1,2,3,-1.52
30746-58-8,Clc1c(c(c(c2c1Oc1c(cccc1)O2)Cl)Cl)Cl,Train,4,7.131,2.49,0.17,4.09,1.25,0,0,4,3,3.48
309-00-2,ClC12C(=C(C(C3C2C2C=CC3C2)(C1(Cl)Cl)Cl)Cl)Cl,Train,6,6.028,0.65,0.23,5.36,1.69,0,0,0,3,3.82
314-40-9,O=C1NC(=C(C(=O)N1C(C)CC)Br)C,Test,1,2.197,0.61,0.21,1.80,1.79,2,1,7,1,0.60
31508-00-6,Clc1c(cc(c(c1)Cl)Cl)c1ccc(c(c1)Cl)Cl,Train,5,6.529,2.31,0.21,6.23,1.21,0,0,0,1,4.38
315-18-4,O=C(Oc1cc(c(c(c1)C)N(C)C)C)NC,Train,0,3.684,1.31,0.18,1.85,1.85,1,1,5,1,1.42
3209-22-1,O=[N+]([O-])c1cccc(c1Cl)Cl,Train,2,0,1.51,0.17,3.11,0.70,0,1,4,1,2.16
3229-00-3,BrCC(CBr)(CBr)CBr,Train,4,0,0.00,0.43,4.20,0.79,0,0,0,3,2.17
32598-10-0,Clc1c(ccc(c1)Cl)c1cc(c(cc1)Cl)Cl,Train,4,6.386,2.31,0.21,5.99,1.22,0,0,0,1,4.56
32598-11-1,c1cc(c(cc1c2cc(ccc2Cl)Cl)Cl)Cl,Test,4,6.347,2.32,0.21,5.99,1.22,0,0,0,1,5.08
32598-13-3,Clc1c(ccc(c1)c1cc(c(cc1)Cl)Cl)Cl,Train,4,6.477,2.28,0.20,5.99,1.22,0,0,0,1,4.35
32598-14-4,Clc1c(c(ccc1c1cc(c(cc1)Cl)Cl)Cl)Cl,Test,5,6.529,2.31,0.21,6.23,1.21,0,0,0,1,4.28
32669-06-0,ClCCOC(c1ccccc1)c1ccccc1,Train,1,5.784,1.98,0.19,3.90,1.85,0,0,4,1,2.60
3268-87-9,O1c3c(Oc2c1c(c(c(c2Cl)Cl)Cl)Cl)c(c(c(c3Cl)Cl)Cl)Cl,Train,8,7.529,2.52,0.19,5.03,1.20,0,0,4,3,3.12
32774-16-6,c1c(cc(c(c1Cl)Cl)Cl)c2cc(c(c(c2)Cl)Cl)Cl,Test,6,6.751,2.29,0.21,6.47,1.19,0,0,0,2,5.97
3296-90-0,OCC(CO)(CBr)CBr,Train,2,0,0.00,0.32,1.39,0.84,0,0,0,1,0.42
330-54-1,Clc1c(ccc(c1)NC(=O)N(C)C)Cl,Train,2,3.726,1.28,0.20,2.65,1.20,2,1,2,3,0.95
330-55-2,Clc1c(ccc(c1)NC(=O)N(OC)C)Cl,Test,2,4.067,1.26,0.18,2.65,1.20,2,1,4,3,1.27
33089-61-1,N(=CN(C=Nc1ccc(cc1C)C)C)c2ccc(cc2C)C,Test,0,6.186,3.28,0.19,4.90,2.58,0,1,0,3,3.26
3319-31-1,O=C(c1c(ccc(c1)C(=O)OCC(CCCC)CC)C(=O)OCC(CCCC)CC)OCC(CCCC)CC,Train,0,6.081,1.36,0.23,6.63,7.19,0,0,25,3,0.60
33284-53-6,Clc1c(cc(c(c1Cl)Cl)Cl)c1ccccc1,Train,4,6.306,2.28,0.20,5.99,1.23,0,0,0,1,4.39
33284-54-7,Clc1c(c(c(cc1Cl)Cl)Cl)c1ccccc1,Test,4,6.241,2.31,0.20,5.99,1.23,0,0,0,1,4.71
333-41-5,n1c(OP(OCC)(OCC)=S)cc(nc1C(C)C)C,Train,2,4.799,1.24,0.28,2.43,2.71,0,1,8,3,1.80
3337-71-1,O=C(OC)NS(=O)(=O)c1ccc(N)cc1,Train,1,4.150,1.38,0.21,-0.26,1.09,1,1,6,1,-0.12
33423-92-6,O1c3cc(cc(c3(Oc2c1cc(cc2Cl)Cl))Cl)Cl,Train,4,7.128,2.50,0.18,4.09,1.23,0,0,4,3,3.76
3347-22-6,N#CC2=C(C#N)SC=1C(=O)c3ccccc3(C(=O)C=1S2),Test,2,7.064,2.38,0.19,1.32,1.41,0,1,8,1,1.43
335-67-1,FC(C(C(C(C(=O)O)(F)F)(F)F)(F)F)(C(C(C(F)(F)F)(F)F)(F)F)F,Train,0,2.303,0.07,0.09,4.17,1.07,0,0,2,2,3.12
335-76-2,OC(=O)C(C(C(C(C(C(C(C(C(F)(F)F)(F)F)(F)F)(F)F)(F)F)(F)F)(F)F)(F)F)(F)F,Train,0,3.332,0.06,0.10,5.12,1.33,0,0,2,2,2.65
33576-92-0,O(c1ccccc1)P(OC)(OC)=S,Train,2,3.446,1.23,0.32,1.60,1.12,0,0,5,1,1.89
33629-47-9,O=[N+]([O-])c1cc(cc(c1(NC(C)CC))[N+](=O)[O-])C(C)(C)C,Train,0,4.849,1.60,0.20,3.81,2.65,0,1,8,1,3.29
3380-34-5,Oc1cc(ccc1Oc1c(cc(cc1)Cl)Cl)Cl,Train,3,6.124,2.28,0.18,3.84,1.25,0,0,4,3,1.70
33857-26-0,Clc1cc2c(cc1)Oc1c(ccc(c1)Cl)O2,Train,2,6.975,2.48,0.16,3.05,1.25,0,0,4,3,2.47
34014-18-1,O=C(NC)N(c1nnc(C(C)(C)C)s1)C,Test,1,2.409,1.02,0.24,1.24,1.69,2,1,0,1,0.42
34256-82-1,O=C(N(c1c(cccc1CC)C)COCC)CCl,Train,1,4.766,1.29,0.19,3.18,2.49,1,1,5,3,1.30
34643-46-4,CCCSP(=S)(Oc1ccc(cc1Cl)Cl)OCC,Train,5,4.627,1.21,0.44,3.63,2.17,0,0,6,1,3.77
3481-20-7,Nc1c(c(cc(c1Cl)Cl)Cl)Cl,Train,4,0,1.26,0.22,3.62,0.64,0,1,0,1,2.52
34883-39-1,Clc1c(cc(cc1)Cl)c1ccccc1,Train,2,6.019,2.31,0.19,4.95,1.25,0,0,0,1,3.92
34883-41-5,Clc1cc(cc(c1)c1ccccc1)Cl,Train,2,6.099,2.28,0.20,4.95,1.25,0,0,0,1,3.44
35065-27-1,c2c(c1cc(c(cc1Cl)Cl)Cl)c(cc(c2Cl)Cl)Cl,Train,6,6.609,2.34,0.21,6.47,1.19,0,0,0,2,5.56
35065-28-2,Clc1cc(Cl)c(cc1c1ccc(c(c1Cl)Cl)Cl)Cl,Test,6,6.609,2.34,0.21,6.47,1.20,0,0,0,2,5.88
35065-29-3,Clc1cc(Cl)c(cc1c1cc(Cl)c(c(c1Cl)Cl)Cl)Cl,Train,7,6.724,2.33,0.21,6.70,1.19,0,0,0,2,6.06
35367-38-5,O=C(NC(=O)c1c(F)cccc1(F))Nc2ccc(cc2)Cl,Train,1,5.356,2.10,0.15,3.51,1.57,2,1,5,1,2.35
35554-44-0,n1ccn(c1)CC(OCC=C)c2ccc(cc2Cl)Cl,Train,2,5.758,1.79,0.19,3.14,1.78,0,1,4,3,1.81
35693-99-3,Clc1c(cc(cc1)Cl)c1c(ccc(c1)Cl)Cl,Train,4,6.326,2.35,0.21,5.99,1.22,0,0,0,1,4.45
35694-08-7,Clc1cc(c(c(c1Cl)Cl)Cl)c1cc(Cl)c(c(c1Cl)Cl)Cl,Train,8,6.853,2.34,0.21,6.93,1.18,0,0,0,2,5.81
"35822-46-9,37871-00-4",O1c3cc(c(c(c3(Oc2c1c(c(c(c2Cl)Cl)Cl)Cl))Cl)Cl)Cl,Train,7,7.447,2.51,0.18,4.80,1.21,0,0,4,3,3.67
36335-67-8,O=[N+]([O-])c1ccc(cc1(OP(OCC)(NC(C)CC)=S))C,Train,2,4.995,1.47,0.27,3.07,2.73,0,1,13,3,2.46
36559-22-5,Clc1cc(ccc1c1c(c(ccc1)Cl)Cl)Cl,Train,4,6.285,2.34,0.20,5.99,1.23,0,0,0,1,4.53
36734-19-7,O=C(NC(C)C)N2C(=O)N(c1cc(cc(c1)Cl)Cl)C(=O)C2,Train,2,5.526,1.30,0.18,2.01,1.98,3,1,8,1,2.19
375-95-1,OC(=O)C(C(C(C(C(C(C(C(F)(F)F)(F)F)(F)F)(F)F)(F)F)(F)F)(F)F)(F)F,Train,0,2.944,0.06,0.10,4.66,1.20,0,0,2,2,3.40
376-06-7,OC(=O)C(C(C(C(C(C(C(C(C(C(C(C(C(F)(F)F)(F)F)(F)F)(F)F)(F)F)(F)F)(F)F)(F)F)(F)F)(F)F)(F)F)(F)F)(F)F,Train,0,4.159,0.04,0.10,6.82,1.87,0,0,2,2,4.26
3766-81-2,O=C(Oc1ccccc1C(C)CC)NC,Test,0,4.123,1.35,0.18,2.39,2.08,1,0,5,3,0.94
37680-65-2,c1ccc(c(c1)c2cc(ccc2Cl)Cl)Cl,Train,3,6.149,2.35,0.20,5.47,1.24,0,0,0,1,4.23
37680-73-2,Clc1c(cc(c(c1)Cl)Cl)c1cc(ccc1Cl)Cl,Train,5,6.442,2.34,0.21,6.23,1.21,0,0,0,1,5.05
3811-49-2,O2c1ccccc1COP2(OC)=S,Train,2,5.154,1.35,0.28,1.21,1.11,0,0,5,1,1.35
3813-05-6,O=C(O)CN2C(=O)Sc1cccc(c12)Cl,Test,2,5.247,1.47,0.19,1.60,1.09,1,1,7,2,1.56
38380-02-8,Clc1c(ccc(c1Cl)Cl)c1cc(ccc1Cl)Cl,Train,5,6.442,2.34,0.21,6.23,1.21,0,0,0,1,4.70
38380-03-9,Clc1cc(ccc1Cl)c1c(Cl)ccc(c1Cl)Cl,Test,5,6.405,2.34,0.21,6.23,1.21,0,0,0,2,5.18
38380-07-3,Clc1c(ccc(c1Cl)Cl)c1ccc(c(c1Cl)Cl)Cl,Train,6,6.609,2.34,0.21,6.47,1.21,0,0,0,2,5.77
38380-08-4,Clc1ccc(cc1Cl)c1cc(Cl)c(c(c1Cl)Cl)Cl,Test,6,6.654,2.30,0.21,6.47,1.20,0,0,0,2,5.88
38411-22-2,Clc1ccc(c(c1c1c(Cl)ccc(c1Cl)Cl)Cl)Cl,Train,6,6.545,2.40,0.21,6.47,1.21,0,0,0,2,5.43
38444-86-9,Clc1cc(ccc1Cl)c1ccccc1Cl,Train,3,6.173,2.31,0.20,5.47,1.24,0,0,0,1,4.57
38444-90-5,Clc1ccc(cc1)c1ccc(c(c1)Cl)Cl,Train,3,6.326,2.27,0.20,5.47,1.23,0,0,0,1,4.58
38444-93-8,Clc1c(cccc1Cl)c1c(c(ccc1)Cl)Cl,Train,4,6.326,2.35,0.20,5.99,1.23,0,0,0,1,4.20
39001-02-0,o1c3c(c2c1c(c(c(c2Cl)Cl)Cl)Cl)c(c(c(c3Cl)Cl)Cl)Cl,Train,8,8.281,3.28,0.19,5.91,1.18,0,0,2,3,2.89
39227-28-6,O1c3ccc(c(c3(Oc2c1c(c(c(c2Cl)Cl)Cl)Cl))Cl)Cl,Train,6,7.348,2.51,0.18,4.57,1.22,0,0,4,1,4.00
39227-58-2,Clc1c(cc(c2c1Oc1c(cccc1)O2)Cl)Cl,Train,3,7.040,2.50,0.17,3.57,1.25,0,0,4,3,2.83
39515-41-8/64257-84-7,N#CC(OC(=O)C1C(C)(C)C1(C)(C))c3cccc(Oc2ccccc2)c3,Train,0,6.428,2.25,0.19,3.56,2.92,0,1,15,3,3.04
39807-15-3,O=C1OC(=NN1c2cc(OCC#C)c(cc2Cl)Cl)C(C)(C)C,Train,2,6.332,1.76,0.19,3.95,1.99,1,1,6,1,2.82
40186-71-8,Clc1cc(Cl)c(c(c1Cl)Cl)c1c(Cl)c(Cl)cc(c1Cl)Cl,Train,8,6.751,2.39,0.21,6.93,1.18,0,0,0,2,5.88
40321-76-4,O1c3cc(c(cc3(Oc2c1cc(c(c2Cl)Cl)Cl))Cl)Cl,Train,5,7.275,2.49,0.18,4.33,1.22,0,0,4,1,4.26
40487-42-1,O=[N+]([O-])c1cc(c(c(c1(NC(CC)CC))[N+](=O)[O-])C)C,Test,0,4.888,1.63,0.17,3.55,2.63,0,1,10,1,3.71
4101-68-2,BrCCCCCCCCCCBr,Train,2,1.386,0.00,0.48,4.76,2.39,0,0,0,3,1.93
41083-11-8,n1cnn(c1)[Sn](C2CCCCC2)(C3CCCCC3)C4CCCCC4,Train,1,5.178,0.54,0.60,5.52,4.61,0,1,0,1,3.88
41122-70-7,N#Cc1ccc(cc1)c2ccc(cc2)CCCCCC,Train,0,6.637,2.45,0.20,4.80,2.91,0,1,0,3,3.59
41464-39-5,c2cc(c1cc(ccc1Cl)Cl)c(c(c2)Cl)Cl,Test,4,6.326,2.35,0.20,5.99,1.23,0,0,0,2,4.84
41464-40-8,Clc1ccc(cc1c1c(cc(cc1)Cl)Cl)Cl,Train,4,6.285,2.34,0.21,5.99,1.22,0,0,0,1,4.26
41464-41-9,Clc1c(cc(cc1)Cl)c1c(cccc1Cl)Cl,Train,4,6.263,2.38,0.20,5.99,1.23,0,0,0,1,4.46
41464-51-1,Clc1cc(Cl)c(cc1c1cccc(c1Cl)Cl)Cl,Test,5,6.442,2.34,0.21,6.23,1.21,0,0,0,2,5.43
41483-43-6,O=S(=O)(Oc1nc(nc(c1CCCC)C)NCC)N(C)C,Train,1,5.187,1.40,0.23,2.57,2.95,0,1,4,2,2.27
4162-45-2,OCCOc1c(cc(cc1Br)C(c2cc(c(OCCO)c(c2)Br)Br)(C)C)Br,Test,4,6.698,2.17,0.24,4.46,2.64,0,0,4,3,2.26
42576-02-3,O=C(OC)c2cc(Oc1ccc(cc1Cl)Cl)ccc2[N+](=O)[O-],Train,2,6.745,2.46,0.16,3.72,1.60,0,1,13,1,3.18
42874-03-3,O=[N+]([O-])c2ccc(Oc1ccc(cc1Cl)C(F)(F)F)cc2(OCC),Test,1,6.709,2.40,0.14,4.12,2.04,0,1,7,1,3.21
43121-43-3,O=C(C(Oc1ccc(cc1)Cl)n2ncnc2)C(C)(C)C,Train,1,5.736,1.67,0.20,3.32,2.00,0,1,7,1,1.81
462-08-8,Nc1cnccc1,Train,0,0,1.23,0.16,-0.15,0.61,0,1,0,1,0.07
4640-01-1,COc1cc(Cl)ccc1Oc1ccc(cc1Cl)Cl,Train,3,6.193,2.31,0.18,4.09,1.41,0,0,5,1,3.50
4685-14-7,C[n+]1ccc(cc1)c1cc[n+](cc1)C,Test,0,6.196,2.27,0.19,1.59,1.67,0,1,0,1,0.28
479-27-6,Nc1cccc2cccc(c12)N,Train,0,6.423,2.39,0.16,2.02,1.13,0,1,0,1,0.78
482-89-3,O=C1c4ccccc4(NC1=C2Nc3ccccc3(C2(=O))),Train,0,7.247,3.15,0.14,2.22,1.77,0,1,6,3,0.46
488-23-3,Cc1c(ccc(c1C)C)C,Train,0,0,1.26,0.21,3.56,1.47,0,0,0,1,2.82
4904-61-4,C1CC=CCCC=CCCC=C1,Test,0,4.111,1.16,0.26,3.74,2.08,0,0,0,1,3.91
500-28-7,O=[N+]([O-])c1ccc(OP(OC)(OC)=S)cc1Cl,Train,3,4.559,1.47,0.26,2.19,1.17,0,1,9,3,1.55
50-29-3,ClC(C(c1ccc(cc1)Cl)c1ccc(cc1)Cl)(Cl)Cl,Test,5,5.901,2.01,0.25,6.17,1.54,0,0,0,3,3.95
50-30-6,O=C(O)c1c(cccc1Cl)Cl,Train,2,0,1.39,0.18,2.89,0.74,0,0,4,3,0.02
50-32-8,c1cc2c3c4c(cc5c(c14)cccc5)ccc3ccc2,Train,0,9.316,5.33,0.15,5.55,2.05,0,0,0,3,2.73
50375-10-5,O(c1c(ccc(c1Cl)Cl)Cl)C,Train,3,0,1.26,0.21,3.62,0.78,0,0,1,1,2.53
"504-03-0,766-17-6",N1C(C)CCCC1C,Train,0,0,0.00,0.29,1.55,1.67,0,1,0,1,0.45
504-24-5,Nc1ccncc1,Test,0,0,1.23,0.16,-0.15,0.61,0,1,0,1,0.44
504-29-0,Nc1ncccc1,Train,0,0,1.23,0.16,0.67,0.62,0,1,0,2,1.04
50512-35-1,O=C(OC(C)C)C(C(=O)OC(C)C)=C1SCCS1,Train,2,2.833,0.57,0.28,1.83,2.30,0,0,4,1,1.57
510-15-6,OC(c1ccc(cc1)Cl)(c1ccc(cc1)Cl)C(=O)OCC,Train,2,6.063,1.96,0.17,3.93,2.09,0,0,14,3,2.71
51207-31-9,Clc1cc2c(oc3c2cc(c(c3)Cl)Cl)cc1Cl,Train,4,7.856,3.24,0.18,4.97,1.21,0,0,2,3,3.69
51235-04-2,O=C1N=C(N(C(=O)N1C2CCCCC2)C)N(C)C,Train,0,4.143,0.55,0.19,2.29,2.43,2,1,4,1,0.84
5124-25-4,O=[N+](c1c(ccc(c1)S(=O)(=O)Nc1ccccc1)Nc1ccccc1)[O-],Train,1,6.906,3.02,0.18,3.14,2.17,0,1,12,3,1.58
512-56-1,O=P(OC)(OC)OC,Test,1,0,0.17,0.33,0.11,0.63,0,0,0,1,-0.06
51-28-5,Oc1c(cc(cc1)[N+](=O)[O-])[N+](=O)[O-],Train,0,0,1.70,0.12,1.40,0.79,0,1,9,1,0.31
51-44-5,O=C(O)c1ccc(c(c1)Cl)Cl,Test,2,0,1.36,0.18,2.89,0.73,0,0,4,3,0.10
51630-58-1,N#CC(OC(=O)C(c1ccc(cc1)Cl)C(C)C)c3cccc(Oc2ccccc2)c3,Train,1,6.554,2.94,0.18,4.83,3.14,0,1,15,3,3.01
51892-26-3,O(c1ccccc1)c2ccc(cc2Cl)Cl,Train,2,5.901,2.24,0.18,4.47,1.27,0,0,2,1,3.97
52315-07-8,N#CC(OC(=O)C1C(C=C(Cl)Cl)C1(C)(C))c3cccc(Oc2ccccc2)c3,Train,2,6.490,2.40,0.19,3.91,2.73,0,1,13,3,2.50
52322-80-2,O(c1ccccc1)c2cc(c(cc2Cl)Cl)Cl,Train,3,6.019,2.23,0.19,4.72,1.26,0,0,2,1,3.64
52663-63-5,c1cc(c(cc1Cl)c2c(c(cc(c2Cl)Cl)Cl)Cl)Cl,Train,6,6.561,2.37,0.21,6.47,1.20,0,0,0,2,5.54
526-73-8,c1cc(c(c(c1)C)C)C,Train,0,0,1.25,0.21,3.26,1.26,0,0,0,1,2.31
52-68-6,COP(=O)(C(C(Cl)(Cl)Cl)O)OC,Train,4,0,0.13,0.38,0.49,0.76,0,0,2,3,-0.39
52712-04-6,Clc1ccc(c(c1)c1cc(Cl)c(c(c1Cl)Cl)Cl)Cl,Train,6,6.577,2.34,0.21,6.47,1.20,0,0,0,2,5.81
52712-05-7,Clc1ccc(c(c1)c1c(Cl)c(Cl)c(c(c1Cl)Cl)Cl)Cl,Train,7,6.654,2.35,0.21,6.70,1.19,0,0,0,2,5.93
527-20-8,Nc1c(c(c(c(c1Cl)Cl)Cl)Cl)Cl,Test,5,0,1.27,0.22,3.91,0.64,0,1,0,3,2.71
527-60-6,Oc1c(cc(cc1C)C)C,Train,0,0,1.25,0.20,2.51,1.26,0,0,1,3,0.91
52888-80-9,O=C(N(CCC)CCC)SCc1ccccc1,Test,1,4.492,1.12,0.25,3.09,2.65,1,1,3,1,2.84
52918-63-5,N#CC(OC(=O)C1C(C=C(Br)Br)C1(C)(C))c3cccc(Oc2ccccc2)c3,Test,2,6.490,2.40,0.23,4.12,2.73,0,1,13,3,2.83
534-52-1,O=[N+]([O-])c1cc(c(O)c(c1)C)[N+](=O)[O-],Train,0,0,1.68,0.13,1.75,0.99,0,1,9,3,0.25
535-77-3,CC(c1cc(ccc1)C)C,Train,0,0,1.22,0.24,3.56,1.56,0,0,0,1,2.75
53-70-3,c1c2c(cc3ccc4c(c13)cccc4)c1ccccc1cc2,Train,0,9.194,5.90,0.15,5.92,2.26,0,0,0,3,2.80
54135-80-7,O(c1ccc(c(c1Cl)Cl)Cl)C,Train,3,0,1.25,0.20,3.62,0.78,0,0,1,1,2.96
54135-81-8,OCc1cc(cc(c1Cl)Cl)Cl,Train,3,0,1.25,0.22,3.35,0.79,0,0,2,1,3.07
54135-82-9,O(c1cc(c(c(c1)Cl)Cl)Cl)C,Train,3,0,1.25,0.21,3.62,0.77,0,0,1,1,3.09
541-73-1,Clc1cc(ccc1)Cl,Train,2,0,1.23,0.23,3.48,0.63,0,0,0,1,2.44
542-18-7,Clc1ccccc1,Test,1,0,1.23,0.22,2.88,0.65,0,0,0,1,2.35
5428-54-6,O=[N+](c1cc(c(cc1)C)O)[O-],Train,0,0,1.48,0.15,1.70,0.92,0,1,5,3,0.86
544-01-4,CC(CCOCCC(C)C)C,Test,0,0,0.00,0.36,2.89,2.33,0,0,4,3,2.30
5510-99-6,Oc1c(cccc1C(CC)C)C(CC)C,Train,0,3.596,1.23,0.22,3.92,2.73,0,0,5,3,2.47
55179-31-2/70585-36-3,OC(C(Oc1ccc(cc1)c2ccccc2)n3ncnc3)C(C)(C)C,Train,0,6.778,2.66,0.19,4.09,2.71,0,1,7,3,2.31
55219-65-3,OC(C(Oc1ccc(cc1)Cl)n2ncnc2)C(C)(C)C,Train,1,5.686,1.63,0.20,3.41,2.07,0,1,7,3,1.32
55290-64-7,O=S1(=O)(C(=C(C)S(=O)(=O)CC1)C),Train,2,0,0.86,0.36,-0.23,1.17,0,0,4,1,0.63
55-38-9,O(c1ccc(c(c1)C)SC)P(OC)(OC)=S,Train,3,4.007,1.26,0.32,2.49,1.47,0,0,6,1,2.39
554-00-7,Clc1c(ccc(c1)Cl)N,Test,2,0,1.24,0.21,2.73,0.66,0,1,0,1,1.38
554-84-7,O=[N+]([O-])c1cccc(O)c1,Train,0,0,1.49,0.14,1.35,0.72,0,1,5,1,1.40
555-03-3,O=[N+](c1cc(ccc1)OC)[O-],Train,0,0,1.48,0.14,1.70,0.88,0,1,5,1,0.75
556-67-2,O1[Si](O[Si](O[Si](O[Si]1(C)C)(C)C)(C)C)(C)C,Train,4,0,0.00,0.73,-0.64,2.33,0,0,16,1,4.08
55720-37-1,c1cc(cc2c1cc(cc2Cl)Cl)Cl,Train,3,6.612,2.38,0.20,5.03,1.01,0,0,0,2,4.43
5598-13-0,n1c(OP(OC)(OC)=S)c(cc(c1Cl)Cl)Cl,Train,5,4.275,1.29,0.29,2.64,1.01,0,1,3,1,3.26
56113-42-9,O=C(c1c(c(c(c(c1Cl)Cl)Cl)Cl)C(=O)O)N,Train,4,4.239,1.49,0.17,2.71,0.86,1,1,9,1,0.49
56-23-5,ClC(Cl)(Cl)Cl,Train,4,0,0.00,0.64,2.23,0.14,0,0,0,3,0.95
56348-72-2,Clc1cc(ccc1Cl)Oc1ccc(c(c1)Cl)Cl,Train,4,6.188,2.23,0.20,4.97,1.24,0,0,2,1,4.43
56-35-9,CCCC[Sn](O[Sn](CCCC)(CCCC)CCCC)(CCCC)CCCC,Test,2,2.944,0.00,1.15,6.32,6.83,0,0,6,2,3.99
56-38-2,O=[N+]([O-])c1ccc(OP(OCC)(OCC)=S)cc1,Train,2,4.780,1.42,0.25,2.22,2.01,0,1,13,3,2.05
56425-91-3,FC(F)(F)Oc1ccc(cc1)C(O)(c2cncnc2)C(C)C,Train,0,6.113,2.00,0.15,2.19,2.10,0,1,3,3,1.54
56-55-3,c1c2c(cc3ccc4c(c13)cccc4)cccc2,Train,0,8.633,4.71,0.16,5.17,1.86,0,0,0,3,2.48
56558-16-8,Clc1cc(cc(c1c1c(cccc1Cl)Cl)Cl)Cl,Train,5,6.405,2.39,0.21,6.23,1.21,0,0,0,2,4.81
56558-17-9,Clc1c(cc(cc1)c1c(cc(cc1Cl)Cl)Cl)Cl,Train,5,6.442,2.33,0.21,6.23,1.21,0,0,0,1,4.81
56-72-4,CCOP(=S)(Oc1ccc2c(c1)oc(=O)c(c2C)Cl)OCC,Train,3,6.501,1.75,0.23,3.17,2.45,0,0,14,1,2.73
57018-04-9,O(c1c(cc(cc1Cl)C)Cl)P(OC)(OC)=S,Test,4,4.523,1.30,0.30,3.05,1.29,0,0,5,1,2.85
57057-83-7,Oc1cc(c(c(c1(OC))Cl)Cl)Cl,Train,3,0,1.26,0.19,2.74,0.78,0,0,3,1,2.46
5707-44-8,c1ccc(cc1)c2ccc(cc2)CC,Test,0,6.046,2.26,0.18,4.41,1.85,0,0,0,3,2.82
57117-31-4,o2c1cc(c(cc1c3cc(c(c(c23)Cl)Cl)Cl)Cl)Cl,Train,5,7.974,3.26,0.18,5.22,1.20,0,0,2,3,4.13
57117-39-2,o2c1cc(c(cc1c3ccc(c(c23)Cl)Cl)Cl)Cl,Train,4,7.849,3.26,0.18,4.97,1.21,0,0,2,3,2.72
57117-41-6,o2c1cc(c(cc1c3c2cc(c(c3Cl)Cl)Cl)Cl)Cl,Train,5,7.969,3.25,0.18,5.22,1.20,0,0,2,3,3.58
57117-43-8,o2c1c(ccc(c1Cl)Cl)c3cc(c(c(c23)Cl)Cl)Cl,Train,5,7.969,3.27,0.18,5.22,1.21,0,0,2,3,3.57
57-15-8,CC(C(Cl)(Cl)Cl)(C)O,Test,3,0,0.00,0.36,1.94,0.72,0,0,0,3,0.27
57465-28-8,Clc1c(ccc(c1)c1cc(c(c(c1)Cl)Cl)Cl)Cl,Train,5,6.609,2.28,0.21,6.23,1.21,0,0,0,1,4.68
575-41-7,Cc1cc(cc2c1cccc2)C,Train,0,6.423,2.38,0.18,3.96,1.46,0,0,0,1,3.37
576-24-9,Clc1c(cccc1Cl)O,Test,2,0,1.25,0.20,2.73,0.64,0,0,1,1,1.23
57-74-9,ClC12C3C(C(C1(Cl)Cl)(C(=C2Cl)Cl)Cl)C(C(C3)Cl)Cl,Train,8,4.890,0.34,0.25,5.47,1.46,0,0,0,1,4.29
"57837-19-1,70630-17-0",O=C(OC)C(N(C(=O)COC)c1c(cccc1C)C)C,Train,0,5.062,1.27,0.17,1.91,2.26,1,1,11,1,0.84
579-10-2,CN(c1ccccc1)C(=O)C,Train,0,0,1.29,0.17,1.95,1.20,1,1,2,1,0.07
581-40-8,Cc1cc2c(cc1C)cccc2,Train,0,6.423,2.38,0.18,3.96,1.46,0,0,0,1,2.71
583-39-1,SC1=Nc2c(cccc2)N1,Train,1,3.956,2.09,0.17,1.70,0.84,0,1,0,1,0.41
583-78-8,Oc1c(ccc(c1)Cl)Cl,Train,2,0,1.24,0.20,2.73,0.63,0,0,1,3,1.11
58-90-2,Clc1c(c(cc(c1Cl)Cl)Cl)O,Train,4,0,1.26,0.21,3.62,0.61,0,0,1,3,2.16
5902-51-2,O=C1NC(=C(C(=O)N1C(C)(C)C)Cl)C,Train,1,0,0.61,0.21,1.65,1.52,2,1,9,1,0.78
59039-21-3,Clc1c(ccc(c1)Cl)Oc1ccc(cc1)Cl,Test,3,6.019,2.24,0.19,4.72,1.25,0,0,2,1,3.79
59080-33-0,c1ccc(cc1)c2c(cc(cc2Br)Br)Br,Train,3,6.099,2.31,0.26,5.84,1.24,0,0,0,3,3.87
591-20-8,Oc1cccc(c1)Br,Train,1,0,1.23,0.24,2.30,0.64,0,0,1,1,1.10
591-27-5,Nc1cc(ccc1)O,Train,0,0,1.23,0.16,0.89,0.69,0,1,1,2,1.22
591-35-5,Oc1cc(cc(c1)Cl)Cl,Train,2,0,1.24,0.21,2.73,0.62,0,0,1,1,1.92
5915-41-3,n1c(nc(nc1NC(C)(C)C)Cl)NCC,Test,1,3.056,1.21,0.21,2.89,1.90,0,1,0,3,0.84
59261-08-4,c2c(cc(c(c1c(cc(cc1Br)Br)Br)c2Br)Br)Br,Train,6,6.577,2.38,0.31,7.15,1.19,0,0,0,1,4.66
59365-60-5,Clc1c(cccc1)C(O)CO,Train,1,2.151,1.22,0.19,1.63,1.02,0,0,4,1,0.39
59-50-7,Cc1cc(ccc1Cl)O,Train,1,0,1.24,0.20,2.46,0.84,0,0,2,3,0.98
59669-26-0,O=C(ON=C(C)SC)N(C)SN(C(=O)ON=C(C)SC)C,Test,3,3.611,0.64,0.27,0.52,1.82,2,1,4,1,0.80
60123-64-0,Clc1c(cc(c(c1)Cl)Cl)Oc1ccc(cc1Cl)Cl,Train,5,6.263,2.28,0.20,5.22,1.23,0,0,2,1,4.21
60123-65-1,Clc1cc(ccc1Cl)Oc1c(cc(c(c1)Cl)Cl)Cl,Test,5,6.292,2.26,0.20,5.22,1.23,0,0,2,3,4.08
60145-21-3,Clc1cc(c(cc1)Cl)c1c(cc(cc1Cl)Cl)Cl,Test,5,6.386,2.37,0.21,6.23,1.21,0,0,0,1,4.58
60168-88-9,OC(c1cncnc1)(c2ccc(cc2)Cl)c3ccccc3Cl,Train,2,6.911,2.36,0.17,3.62,1.86,0,1,4,1,2.05
60207-90-1,n1cnn(c1)CC2(OCC(O2)CCC)c3ccc(cc3Cl)Cl,Test,2,6.117,1.51,0.18,4.17,2.48,0,1,8,1,2.06
60-29-7,CCOCC,Test,0,0,0.00,0.26,0.80,1.17,0,0,0,1,0.61
603-11-2,O=C(c1cccc(c1C(=O)O)[N+](=O)[O-])O,Train,0,5.078,1.71,0.12,1.43,0.94,0,1,18,1,0.55
60-51-5,S=P(SCC(=O)NC)(OC)OC,Train,3,0,0.26,0.59,-0.76,1.03,1,1,2,1,0.18
60-57-1/72-20-8,O1C2C1C3CC2C4C3C5(C(=C(C4(C5(Cl)Cl)Cl)Cl)Cl)Cl,Train,6,6.201,0.34,0.22,4.45,1.81,0,0,2,1,3.89
606-20-2,O=[N+]([O-])c1cccc(c1C)[N+](=O)[O-],Train,0,0,1.71,0.14,2.24,1.00,0,1,12,1,1.34
606-28-0,O=C(c1ccccc1C(=O)OC)c1ccccc1,Train,0,6.113,2.39,0.15,3.39,1.65,0,0,11,3,1.01
608-73-1,C1(C(C(C(C(C1Cl)Cl)Cl)Cl)Cl)Cl,Test,6,0,0.00,0.32,4.09,0.95,0,0,0,1,2.81
608-93-5,Clc1c(c(cc(c1Cl)Cl)Cl)Cl,Train,5,0,1.26,0.23,4.93,0.60,0,0,0,1,3.84
610-39-9,O=[N+](c1ccc(cc1[N+](=O)[O-])C)[O-],Train,0,4.808,1.74,0.14,2.24,0.99,0,1,8,3,0.21
611-06-3,O=[N+]([O-])c1ccc(cc1Cl)Cl,Train,2,0,1.50,0.18,3.11,0.70,0,1,4,1,2.07
611-21-2,Cc1ccccc1NC,Test,0,0,1.24,0.19,2.19,1.13,0,1,0,1,0.90
61213-25-0,O=C2N(c1cccc(c1)C(F)(F)F)CC(CCl)C2Cl,Train,2,5.538,1.25,0.17,3.61,1.61,1,1,3,1,2.46
612-22-6,CCc1c(cccc1)[N+](=O)[O-],Train,0,3.446,1.52,0.16,2.57,1.30,0,1,6,1,1.14
6130-75-2,O(c1cc(c(cc1Cl)Cl)Cl)C,Test,3,0,1.25,0.21,3.62,0.77,0,0,1,1,2.80
613-12-7,Cc1cc2c(cc3c(c2)cccc3)cc1,Train,0,7.859,3.53,0.17,4.59,1.65,0,0,0,3,2.41
61328-45-8,Clc1c(cc(c(c1)Cl)Cl)Oc1ccc(cc1)Cl,Train,4,6.157,2.24,0.20,4.97,1.24,0,0,2,1,4.11
61328-46-9,Clc1cc(ccc1Cl)Oc1c(cc(cc1)Cl)Cl,Test,4,6.173,2.25,0.20,4.97,1.24,0,0,2,1,4.24
615-74-7,Oc1cc(ccc1Cl)C,Train,1,0,1.24,0.20,2.46,0.84,0,0,2,3,0.62
616-44-4,Cc1cscc1,Train,1,0,0.95,0.30,1.58,0.64,0,0,0,3,0.72
6165-51-1,c1ccc(cc1)C(c2cc(ccc2C)C)C,Train,0,5.901,2.19,0.20,4.92,2.12,0,0,0,3,2.86
61-82-5,C1=NN=C(N1)N,Train,0,0,0.95,0.13,-0.23,0.39,0,1,0,1,0.24
618-62-2,O=[N+]([O-])c1cc(cc(c1)Cl)Cl,Train,2,0,1.49,0.18,3.11,0.69,0,1,4,1,2.23
61949-76-6,O=C(OCc2cccc(Oc1ccccc1)c2)C3C(C=C(Cl)Cl)C3(C)(C),Train,2,6.329,2.38,0.20,4.58,2.67,0,0,12,3,2.65
622-57-1,CCNc1ccc(cc1)C,Train,0,0,1.21,0.20,2.51,1.49,0,1,0,3,0.52
623-26-7,N#Cc1ccc(cc1)C#N,Train,0,0,1.79,0.15,1.40,0.78,0,1,0,1,0.23
62-44-2,CC(=O)Nc1ccc(cc1)OCC,Train,0,3.056,1.31,0.17,1.68,1.60,1,1,3,2,1.23
62-53-3,Nc1ccccc1,Test,0,0,1.23,0.18,1.51,0.69,0,1,0,1,0.26
62-56-6,NC(=S)N,Test,1,0,0.24,0.29,-1.43,0.21,2,0,0,1,0.05
626-17-5,N#Cc1cc(ccc1)C#N,Train,0,0,1.80,0.15,1.40,0.78,0,1,0,1,0.58
626-39-1,Brc1cc(cc(c1)Br)Br,Test,3,0,1.24,0.36,4.51,0.61,0,0,0,1,3.62
626-67-5,CN1CCCCC1,Train,0,0,0.00,0.30,1.20,1.40,0,1,0,1,0.51
62-73-7,O=P(OC=C(Cl)Cl)(OC)OC,Test,3,0,0.44,0.32,1.25,0.68,0,0,3,3,-0.25
629-25-4,O=C(O)CCCCCCCCCCC,Train,0,1.946,0.12,0.31,4.17,2.97,0,0,2,3,2.40
63-25-2,O=C(Oc1cccc2ccccc12)NC,Train,0,6.640,2.47,0.15,2.22,1.45,1,0,5,1,1.30
634-66-2,Clc1c(ccc(c1Cl)Cl)Cl,Train,4,0,1.26,0.23,4.63,0.61,0,0,0,1,3.52
634-67-3,Nc1ccc(c(c1Cl)Cl)Cl,Train,3,0,1.26,0.21,3.31,0.66,0,1,0,1,2.00
634-83-3,Nc1cc(c(c(c1Cl)Cl)Cl)Cl,Train,4,0,1.26,0.21,3.62,0.64,0,1,0,3,2.21
634-90-2,c1c(cc(c(c1Cl)Cl)Cl)Cl,Train,4,0,1.25,0.24,4.63,0.60,0,0,0,1,3.36
634-91-3,Nc1cc(c(c(c1)Cl)Cl)Cl,Train,3,0,1.25,0.21,3.31,0.65,0,1,0,1,2.36
634-93-5,Nc1c(cc(cc1Cl)Cl)Cl,Train,3,0,1.25,0.22,3.31,0.65,0,1,0,1,2.04
636-28-2,c1c(c(cc(c1Br)Br)Br)Br,Test,4,0,1.25,0.36,5.21,0.60,0,0,0,1,3.70
636-30-6,Nc1cc(c(cc1Cl)Cl)Cl,Train,3,0,1.25,0.22,3.31,0.65,0,1,0,1,2.33
639-58-7,c1ccc(cc1)[Sn](c2ccccc2)(c3ccccc3)Cl,Train,2,6.711,2.33,0.58,6.20,2.06,0,0,0,1,3.14
64628-44-0,O=C(NC(=O)c1ccccc1Cl)Nc2ccc(OC(F)(F)F)cc2,Test,1,5.580,2.08,0.14,3.08,1.74,2,1,6,3,2.79
65733-16-6,O=C(OC(C)C)C=C(C=CCC(C)CCCC(OC)(C)C)C,Test,0,3.850,0.90,0.26,3.97,3.58,0,0,7,3,2.66
65-85-0,O=C(O)c1ccccc1,Train,0,0,1.36,0.15,1.70,0.77,0,0,4,1,1.00
66063-05-6,O=C(Nc1ccccc1)N(Cc2ccc(cc2)Cl)C3CCCC3,Test,1,5.704,1.72,0.20,4.00,2.79,2,1,5,3,2.35
66246-88-6,n1cnn(c1)CC(c2ccc(cc2Cl)Cl)CCC,Train,2,5.596,1.79,0.21,4.60,2.15,0,1,0,1,1.97
66332-96-5,O=C(Nc1cccc(OC(C)C)c1)c2ccccc2C(F)(F)F,Test,0,6.094,2.29,0.15,4.18,2.28,1,1,6,3,1.65
6639-30-1,c1c(c(cc(c1Cl)Cl)Cl)C,Test,3,0,1.25,0.23,4.37,0.82,0,0,0,2,3.78
"66441-23-4,71283-80-2",O=C(OCC)C(Oc3ccc(Oc1nc2ccc(cc2(o1))Cl)cc3)C,Train,1,7.079,3.18,0.15,3.47,2.55,0,1,11,3,0.69
66735-04-4,O=C(O)C(C)Cc1ccc(cc1)C(C)(C)C,Test,0,4.676,1.26,0.23,3.49,2.17,0,0,2,3,0.63
66-81-9,O=C1NC(=O)CC(C1)CC(O)C2C(=O)C(C)CC(C)C2,Test,0,4.078,0.29,0.22,1.02,2.84,1,1,10,1,0.21
67028-18-6,Clc1c(c(cc2c1Oc1c(cc(cc1)Cl)O2)Cl)Cl,Train,4,7.156,2.49,0.17,4.09,1.23,0,0,4,3,3.35
6731-36-8,CC(OOC1(OOC(C)(C)C)CC(CC(C1)(C)C)C)(C)C,Train,0,3.434,0.00,0.27,3.87,3.39,0,0,14,3,3.99
67562-39-4,o2c1c(cc(c(c1Cl)Cl)Cl)c3c2c(c(c(c3Cl)Cl)Cl)Cl,Test,7,8.186,3.27,0.19,5.69,1.19,0,0,2,3,3.45
67564-91-4,O1C(C)CN(CC1C)CC(C)Cc2ccc(cc2)C(C)(C)C,Train,0,4.716,1.08,0.25,3.83,3.57,0,1,1,1,3.03
67-66-3,ClC(Cl)Cl,Train,3,0,0.00,0.74,1.82,0.14,0,0,0,1,0.96
67-68-5,CS(=O)C,Train,1,0,0.24,0.74,-0.32,0.36,0,0,0,1,0.35
67-72-1,ClC(C(Cl)(Cl)Cl)(Cl)Cl,Test,6,0,0.00,0.46,3.29,0.28,0,0,0,1,2.42
67747-09-5,O=C(n1cncc1)N(CCOc2c(cc(cc2Cl)Cl)Cl)CCC,Test,3,5.091,1.71,0.19,3.37,2.41,1,1,6,1,2.59
680-31-9,O=P(N(C)C)(N(C)C)N(C)C,Train,1,0,0.14,0.43,1.35,1.35,0,0,0,3,-0.55
68085-85-8,N#CC(OC(=O)C1C(C=C(C(F)(F)F)Cl)C1(C)(C))c3cccc(Oc2ccccc2)c3,Train,1,6.517,2.46,0.17,4.22,2.87,0,1,13,3,3.29
68-12-2,CN(C=O)C,Train,0,0,0.22,0.27,-0.27,0.52,1,0,0,1,-0.11
68359-37-5,N#CC(OC(=O)C1C(C=C(Cl)Cl)C1(C)(C))c3ccc(F)c(Oc2ccccc2)c3,Train,2,6.576,2.38,0.19,4.28,2.72,0,1,13,3,2.70
69327-76-0,O=C2N(c1ccccc1)CSC(=NC(C)(C)C)N2C(C)C,Train,1,5.548,1.34,0.23,2.96,2.66,2,1,4,1,2.71
6936-40-9,O(c1c(c(cc(c1Cl)Cl)Cl)Cl)C,Train,4,0,1.26,0.21,3.91,0.77,0,0,1,1,3.69
696-44-6,Cc1cccc(c1)NC,Test,0,0,1.23,0.19,2.19,1.12,0,1,0,1,0.86
69806-40-2/72619-32-0,O=C(OC)C(Oc2ccc(Oc1ncc(cc1Cl)C(F)(F)F)cc2)C,Test,1,6.501,2.31,0.14,3.41,2.04,0,1,6,3,1.23
7012-37-5,Clc1c(ccc(c1)Cl)c1ccc(cc1)Cl,Train,3,6.263,2.30,0.20,5.47,1.23,0,0,0,1,4.33
70124-77-5,N#CC(c1cccc(c1)Oc1ccccc1)OC(=O)C(c1ccc(cc1)OC(F)F)C(C)C,Train,0,6.654,2.98,0.16,4.25,3.30,0,1,16,3,3.60
70-30-4,Oc1c(c(c(cc1Cl)Cl)Cl)Cc1c(c(cc(c1O)Cl)Cl)Cl,Test,6,6.551,2.35,0.20,4.80,1.40,0,0,4,3,2.10
7085-19-0,O=C(O)C(Oc1ccc(cc1C)Cl)C,Test,1,4.123,1.30,0.18,2.38,1.40,0,0,3,3,0.48
709-98-8,O=C(Nc1ccc(c(c1)Cl)Cl)CC,Train,2,3.056,1.31,0.20,3.08,1.37,1,1,2,1,1.94
71-43-2,C1CCCCC1,Train,0,0,0.00,0.35,3.12,1.50,0,0,0,1,0.63
71-55-6,CC(Cl)(Cl)Cl,Train,3,0,0.00,0.61,2.23,0.36,0,0,0,3,0.59
71626-11-4,O=C(OC)C(N(C(=O)Cc1ccccc1)c2c(cccc2C)C)C,Test,0,5.900,1.93,0.17,3.65,2.75,1,1,10,1,1.76
72178-02-0,O=C(NS(=O)(=O)C)c2cc(Oc1ccc(cc1Cl)C(F)(F)F)ccc2[N+](=O)[O-],Train,2,6.981,2.54,0.17,2.83,1.85,1,1,14,3,0.78
72-43-5,O(c1ccc(cc1)C(c2ccc(OC)cc2)C(Cl)(Cl)Cl)C,Train,3,6.055,2.03,0.22,4.27,1.89,0,0,2,3,2.50
72490-01-8,O=C(OCC)NCCOc2ccc(Oc1ccccc1)cc2,Train,0,6.080,2.21,0.16,2.37,2.48,1,1,7,3,2.33
72-55-9,ClC(=C(c1ccc(cc1)Cl)c1ccc(cc1)Cl)Cl,Test,4,5.901,2.15,0.21,5.85,1.44,0,0,0,1,4.30
7287-19-6,n1c(nc(nc1NC(C)C)SC)NC(C)C,Train,1,3.726,1.22,0.23,2.89,2.13,0,1,0,1,1.93
731-27-1,O=S(=O)(N(c1ccc(cc1)C)SC(F)(Cl)Cl)N(C)C,Train,4,4.343,1.19,0.31,2.85,1.56,0,1,6,3,1.87
732-11-6,O=C1c2ccccc2(C(=O)N1CSP(OC)(OC)=S),Test,3,5.671,1.48,0.35,1.02,1.52,1,1,4,3,0.41
732-26-3,Oc1c(cc(cc1C(C)(C)C)C(C)(C)C)C(C)(C)C,Test,0,0,1.23,0.27,4.91,2.95,0,0,7,1,4.16
74051-80-2,O=C1C(=C(O)CC(C1)CC(C)SCC)C(=NOCC)CCC,Train,1,4.500,0.69,0.27,2.30,3.71,0,1,9,3,0.93
74070-46-5,O=[N+]([O-])c2ccc(Oc1ccccc1)c(c2(N))Cl,Test,1,6.278,2.38,0.15,2.99,1.40,0,1,6,2,3.46
74-11-3,O=C(O)c1ccc(cc1)Cl,Train,1,0,1.36,0.17,2.30,0.75,0,0,4,3,1.00
74115-24-5,n1nc(nnc1c2ccccc2Cl)c3ccccc3Cl,Test,2,7.199,3.33,0.16,5.07,1.60,0,1,0,1,2.39
741-58-2,O=S(=O)(NCCSP(OC(C)C)(OC(C)C)=S)c1ccccc1,Train,4,4.345,1.11,0.42,1.57,2.79,0,1,12,1,2.94
74223-64-6,O=C(OC)c1ccccc1S(=O)(=O)NC(=O)Nc2nc(nc(n2)C)OC,Train,1,5.951,2.28,0.17,1.67,2.00,2,1,12,3,0.00
74-31-7,N(c1ccc(cc1)Nc1ccccc1)c1ccccc1,Train,0,6.634,3.12,0.16,4.34,2.03,0,1,0,1,3.13
74918-40-4,Clc1cc2c(c3c(o2)c(ccc3)Cl)cc1,Test,2,7.557,3.25,0.17,3.93,1.24,0,0,2,3,3.01
74-97-5,ClCBr,Test,2,0,0.00,1.58,1.60,0.14,0,0,0,1,0.53
75-09-2,ClCCl,Train,2,0,0.00,0.91,1.36,0.14,0,0,0,2,1.22
75-15-0,C(=S)=S,Test,2,0,0.54,0.75,-0.05,0.08,0,0,0,1,1.29
75-25-2,BrC(Br)Br,Train,3,0,0.00,2.23,2.42,0.14,0,0,0,1,1.18
75-35-4,C=C(Cl)Cl,Test,2,0,0.24,0.48,1.67,0.20,0,0,0,1,1.00
75-65-0,CC(C)(C)O,Test,0,0,0.00,0.36,0.80,0.80,0,0,0,1,0.54
75-71-8,FC(F)(Cl)Cl,Train,2,0,0.00,0.26,1.82,0.14,0,0,0,1,0.84
75-98-9,O=C(O)C(C)(C)C,Train,0,0,0.19,0.28,1.00,0.90,0,0,0,1,0.23
760-23-6,C=CC(CCl)Cl,Train,2,0,0.21,0.36,2.46,0.56,0,0,0,1,0.86
76-03-9,ClC(C(=O)O)(Cl)Cl,Train,3,0,0.19,0.34,1.00,0.26,0,0,0,1,0.13
76-12-0,FC(C(F)(Cl)Cl)(Cl)Cl,Train,4,0,0.00,0.29,2.96,0.28,0,0,0,1,1.84
76-13-1,FC(C(F)(Cl)Cl)(F)Cl,Train,3,0,0.00,0.23,2.78,0.28,0,0,0,1,1.66
764-13-6,CC(=CC=C(C)C)C,Train,0,0,0.72,0.31,3.04,1.28,0,0,0,1,2.41
76-44-8,ClC12C3C(C(C1(Cl)Cl)(C(=C2Cl)Cl)Cl)C=CC3Cl,Train,7,5.252,0.67,0.24,5.12,1.30,0,0,0,1,3.95
767-00-0,N#Cc1ccc(O)cc1,Train,0,0,1.53,0.15,1.16,0.72,0,1,1,1,0.91
76738-62-0,OC(C(n1ncnc1)Cc2ccc(cc2)Cl)C(C)(C)C,Test,1,5.686,1.63,0.22,3.77,2.27,0,1,2,1,1.64
76-83-5,ClC(c1ccccc1)(c1ccccc1)c1ccccc1,Test,1,6.711,2.33,0.18,5.63,2.06,0,0,0,3,2.63
76-87-9,O[Sn](c1ccccc1)(c1ccccc1)c1ccccc1,Train,1,6.711,2.33,0.46,4.95,2.07,0,0,6,2,3.49
76-93-7,OC(c1ccccc1)(c1ccccc1)C(=O)O,Train,0,5.614,2.02,0.15,2.41,1.55,0,0,12,3,0.02
77-47-4,C=1(C(=C(C(C=1Cl)(Cl)Cl)Cl)Cl)Cl,Train,6,0,0.70,0.26,3.56,0.53,0,0,0,3,1.18
77-73-6,C1C2C(C3CC2C=C3)C=C1,Train,0,3.714,0.66,0.21,3.27,1.56,0,0,0,2,2.38
779-02-2,Cc1c2c(cc3c1cccc3)cccc2,Test,0,7.808,3.54,0.16,4.59,1.67,0,0,0,3,2.72
782-74-1,Clc1c(cccc1)NNc1c(cccc1)Cl,Train,2,5.614,2.24,0.18,4.40,1.38,0,1,0,1,3.68
78-40-0,O=P(OCC)(OCC)OCC,Train,1,0,0.14,0.28,1.35,1.88,0,0,9,1,0.01
78-48-8,O=P(SCCCC)(SCCCC)SCCCC,Train,4,1.946,0.10,0.89,3.32,3.38,0,0,3,3,3.48
78-51-3,O=P(OCCOCCCC)(OCCOCCCC)OCCOCCCC,Train,1,3.434,0.07,0.28,2.44,4.63,0,0,15,3,0.67
78-59-1,CC1(C)CC(=CC(=O)C1)C,Test,0,0,0.52,0.27,1.95,1.46,0,0,4,1,0.35
78-79-5,CC(=C)C=C,Train,0,0,0.45,0.26,1.97,0.63,0,0,0,1,1.22
78-87-5,CC(CCl)Cl,Train,2,0,0.00,0.50,2.23,0.62,0,0,0,1,0.71
79-00-5,ClC(CCl)Cl,Train,3,0,0.00,0.53,2.23,0.33,0,0,0,1,0.62
79-01-6,ClC(=CCl)Cl,Train,3,0,0.32,0.41,2.08,0.20,0,0,0,1,1.16
791-31-1,O[Si](c1ccccc1)(c2ccccc2)c3ccccc3,Train,1,6.711,2.33,0.27,4.95,2.07,0,0,6,3,2.85
79277-27-3,O=C(OC)c1c(ccs1)S(=O)(=O)NC(=O)Nc2nc(nc(n2)C)OC,Test,2,5.580,2.03,0.19,1.21,1.79,2,1,10,3,-0.10
79-34-5,ClC(C(Cl)Cl)Cl,Train,4,0,0.00,0.50,2.60,0.30,0,0,0,1,1.07
79-46-9,CC([N+](=O)[O-])C,Train,0,0,0.41,0.23,0.73,0.80,0,1,0,1,0.62
79538-32-2,O=C(OCc1c(F)c(F)c(c(F)c1(F))C)C2C(C=C(C(F)(F)F)Cl)C2(C)(C),Train,1,5.536,1.49,0.16,5.87,2.32,0,0,9,3,3.48
79622-59-6,O=[N+]([O-])c2cc(c(c(c2(Nc1ncc(cc1Cl)C(F)(F)F))[N+](=O)[O-])Cl)C(F)(F)F,Test,2,7.010,2.57,0.13,4.48,1.62,0,1,8,1,3.01
79-92-5,CC1(C2CC(C1=C)CC2)C,Train,0,0,0.17,0.25,3.37,1.77,0,0,0,1,2.98
80-05-7,CC(c1ccc(cc1)O)(c1ccc(cc1)O)C,Train,0,5.901,2.10,0.18,3.31,1.84,0,0,2,3,1.52
80-43-3,CC(c1ccccc1)(OOC(c1ccccc1)(C)C)C,Train,0,5.030,1.85,0.20,4.31,2.46,0,0,8,3,2.75
80844-07-1,CCOc1ccc(cc1)C(COCc1cccc(c1)Oc1ccccc1)(C)C,Train,0,6.297,3.05,0.19,4.77,3.41,0,0,8,3,3.60
81-14-1,[O-][N+](=O)c1c(C)c(C(=O)C)c(c(c1C(C)(C)C)[N+](=O)[O-])C,Test,0,5.211,1.69,0.18,3.72,2.28,0,1,20,1,3.09
81-16-3,Nc1ccc2c(c1S(=O)(=O)O)cccc2,Test,1,6.771,2.59,0.19,1.44,1.18,0,1,9,1,0.53
81777-89-1,O=C1N(OCC1(C)C)Cc2ccccc2Cl,Train,1,5.053,1.24,0.20,2.68,1.72,1,1,3,1,1.60
82-05-3,O=c1c2c3c(cccc3ccc2)c2ccccc12,Train,0,8.117,3.72,0.15,4.18,1.76,0,0,5,3,2.12
82097-50-5,O=C(Nc1nc(nc(n1)C)OC)NS(=O)(=O)c2ccccc2(OCCCl),Train,2,5.765,2.18,0.18,1.91,2.14,2,1,7,1,0.11
82-44-0,O=C1c2c(cccc2C(=O)c2c1cccc2)Cl,Test,1,7.063,2.67,0.15,3.42,1.45,0,0,10,1,2.36
82-45-1,O=C1c2c(cccc2N)C(=O)c2c1cccc2,Train,0,7.063,2.67,0.14,2.84,1.49,0,1,10,1,2.03
82558-50-7,O=C(Nc1onc(c1)C(C)(CC)CC)c2c(OC)cccc2(OC),Train,0,6.124,2.06,0.17,2.60,3.01,1,1,9,3,1.85
82560-54-1,O=C(Oc2cccc1c2(OC(C)(C)C1))N(C)SN(CCC(=O)OCC)C(C)C,Test,1,5.557,1.30,0.21,2.25,3.66,1,1,8,3,1.95
82657-04-3,O=C(C1C(C1(C)C)/C=C(/C(F)(F)F)\Cl)OCc1cccc(c1C)c1ccccc1,Train,1,6.591,2.48,0.18,5.40,2.99,0,0,10,1,3.78
82-68-8,O=[N+]([O-])c1c(c(c(c(c1Cl)Cl)Cl)Cl)Cl,Train,5,0,1.49,0.19,4.29,0.67,0,1,4,3,2.74
829-26-5,Cc1cc2c(cc1C)ccc(c2)C,Train,0,6.565,2.38,0.19,4.23,1.65,0,0,0,1,3.00
83055-99-6,O=C(OC)c1ccccc1CS(=O)(=O)NC(=O)Nc2nc(OC)cc(n2)OC,Train,1,5.711,2.25,0.17,1.77,2.19,2,1,11,3,0.20
83121-18-0,O=C(NC(=O)c1c(F)cccc1(F))Nc2cc(c(F)c(c2(F))Cl)Cl,Test,2,5.597,2.16,0.14,3.99,1.54,2,1,5,1,2.81
83164-33-4,O=C(Nc1ccc(F)cc1(F))c3cccnc3(Oc2cccc(c2)C(F)(F)F),Train,0,6.870,3.48,0.13,4.24,2.10,1,1,6,1,3.11
832-69-9,Cc1cccc2c1ccc1c2cccc1,Train,0,7.808,3.55,0.17,4.59,1.67,0,0,0,1,3.18
83-32-9,C1c2cccc3c2c(ccc3)C1,Train,0,6.816,2.35,0.17,3.96,1.47,0,0,0,1,2.92
834-12-8,n1c(nc(nc1NC(C)C)SC)NCC,Train,1,3.446,1.22,0.21,2.59,2.01,0,1,0,1,1.52
83-42-1,O=[N+]([O-])c1cccc(c1C)Cl,Test,1,0,1.51,0.17,2.84,0.92,0,1,6,1,1.99
83-79-4,O=C3c5ccc1OC(C(=C)C)Cc1c5(OC4COc2cc(OC)c(OC)cc2C34),Train,0,7.606,2.65,0.15,1.94,2.96,0,0,18,3,1.41
84-51-5,O=C1c2c(ccc(c2)CC)C(=O)c2c1cccc2,Test,0,7.150,2.65,0.15,3.40,2.03,0,0,10,3,1.60
84-65-1,O=C1c3ccccc3(C(=O)c2ccccc12),Train,0,6.970,2.67,0.14,2.89,1.46,0,0,10,1,2.00
84-74-2,O=C(OCCCC)c1ccccc1(C(=O)OCCCC),Train,0,5.089,1.42,0.19,3.62,3.02,0,0,16,3,2.23
84-87-7,O=S(=O)(O)c2ccc(O)c1ccccc12,Train,1,6.791,2.57,0.19,1.44,1.15,0,0,12,2,1.11
85-01-8,c1cccc2ccc3c(c12)cccc3,Train,0,7.710,3.53,0.16,4.33,1.47,0,0,0,1,3.36
85509-19-9,Fc1ccc(cc1)[Si](c2ccc(F)cc2)(C)Cn3ncnc3,Train,1,6.673,2.14,0.28,5.39,2.09,0,1,0,1,2.40
85-68-7,O=C(OCc1ccccc1)c2ccccc2(C(=O)OCCCC),Train,0,5.833,2.29,0.17,4.09,2.76,0,0,17,3,1.01
86-30-6,O=NN(c1ccccc1)c1ccccc1,Train,0,5.614,2.13,0.15,3.22,1.40,1,1,4,3,1.41
86-50-0,COP(=S)(OC)SCN1C(=O)C2=CC=CC=C2N=N1,Train,3,6.076,1.80,0.36,0.91,1.50,1,1,2,1,1.54
86-73-7,c1ccc3c(c1)c2ccccc2C3,Test,0,6.545,2.48,0.17,4.15,1.44,0,0,0,1,2.77
86-74-8,C1=CC=C2C(=C1)C3=CC=CC=C3N2,Train,0,7.233,3.24,0.15,2.86,1.31,0,1,0,1,2.18
86-87-3,OC(=O)Cc1c2c(ccc1)cccc2,Train,0,6.589,2.48,0.16,2.79,1.36,0,0,4,3,0.29
87130-20-9,O=C(OC(C)C)Nc1ccc(OCC)c(OCC)c1,Train,0,4.881,1.28,0.17,1.87,2.69,1,1,10,2,2.52
872-05-9,CCCCCCCCC=C,Train,0,1.099,0.15,0.36,4.68,2.33,0,0,0,3,3.22
873-63-2,OCc1cccc(c1)Cl,Train,1,0,1.23,0.20,2.19,0.82,0,0,2,1,1.32
87-40-1,O(c1c(cc(cc1Cl)Cl)Cl)C,Train,3,0,1.25,0.21,3.62,0.77,0,0,1,1,2.84
87-61-6,Clc1c(cccc1Cl)Cl,Train,3,0,1.25,0.23,4.06,0.62,0,0,0,1,2.89
87-65-0,Oc1c(cccc1Cl)Cl,Train,2,0,1.25,0.20,2.73,0.64,0,0,1,1,1.17
87-68-3,ClC(=C(Cl)Cl)C(=C(Cl)Cl)Cl,Test,6,0,0.65,0.32,3.66,0.40,0,0,0,1,3.82
877-11-2,c1(c(c(c(c(c1Cl)Cl)Cl)Cl)Cl)C,Train,5,0,1.27,0.23,5.21,0.80,0,0,0,1,3.83
87-82-1,c1(c(c(c(c(c1Br)Br)Br)Br)Br)Br,Train,6,0,1.27,0.37,6.00,0.59,0,0,0,3,3.00
87-83-2,Cc1c(c(c(c(c1Br)Br)Br)Br)Br,Train,5,0,1.27,0.34,5.87,0.80,0,0,0,3,2.45
87-84-3,ClC1C(C(C(C(C1Br)Br)Br)Br)Br,Train,6,0,0.00,0.47,4.76,0.95,0,0,0,3,2.43
87-86-5,Oc1c(c(c(c(c1Cl)Cl)Cl)Cl)Cl,Train,5,0,1.27,0.21,3.91,0.60,0,0,1,3,2.67
879-39-0,O=[N+]([O-])c1cc(c(c(c1Cl)Cl)Cl)Cl,Test,4,0,1.49,0.19,4.00,0.68,0,1,4,3,1.90
88-06-2,Oc1c(cc(cc1Cl)Cl)Cl,Test,3,0,1.25,0.21,3.31,0.62,0,0,1,3,1.92
88-19-7,Cc1c(cccc1)S(=O)(=O)N,Test,1,0,1.47,0.24,0.78,0.97,0,1,6,1,0.29
886-50-0,CCNc1nc(SC)nc(n1)NC(C)(C)C,Train,1,3.726,1.21,0.23,2.89,2.07,0,1,0,3,1.95
88-72-2,Cc1c(cccc1)[N+](=O)[O-],Train,0,0,1.51,0.16,2.24,0.93,0,1,6,1,1.30
88-73-3,Clc1c(cccc1)[N+](=O)[O-],Train,1,0,1.51,0.16,2.51,0.72,0,1,4,1,1.44
88-75-5,Oc1c(cccc1)[N+](=O)[O-],Train,0,0,1.51,0.13,1.35,0.73,0,1,5,1,1.17
88-85-7,O=[N+]([O-])c1cc(c(O)c(c1)C(C)CC)[N+](=O)[O-],Train,0,3.894,1.63,0.16,2.70,1.83,0,1,11,3,1.14
88-89-1,O=[N+]([O-])c1cc(c(O)c(c1)[N+](=O)[O-])[N+](=O)[O-],Train,0,0,1.83,0.11,1.54,0.86,0,1,13,1,0.10
89-59-8,O=[N+]([O-])c1cc(ccc1C)Cl,Train,1,0,1.50,0.18,2.84,0.91,0,1,6,1,1.92
89-61-2,O=[N+]([O-])c1cc(ccc1Cl)Cl,Train,2,0,1.50,0.18,3.11,0.70,0,1,4,1,2.05
89-63-4,Nc1c(cc(cc1)Cl)[N+](=O)[O-],Test,1,0,1.50,0.16,1.97,0.74,0,1,4,3,1.06
89-69-0,O=[N+]([O-])c1cc(c(cc1Cl)Cl)Cl,Train,3,0,1.49,0.19,3.70,0.68,0,1,4,1,1.84
900-95-8,O=C(O[Sn](c1ccccc1)(c2ccccc2)c3ccccc3)C,Test,1,6.865,2.23,0.44,5.27,2.40,0,0,9,2,3.40
90-12-0,c1ccc2c(c1)cccc2C,Train,0,6.290,2.38,0.18,3.68,1.26,0,0,0,3,1.73
90-30-2,N(c1c2c(ccc1)cccc2)c1ccccc1,Train,0,7.150,3.37,0.16,4.28,1.75,0,1,0,1,3.28
90-41-5,Nc1c(cccc1)c1ccccc1,Train,0,5.837,2.31,0.16,3.13,1.32,0,1,0,1,1.44
90-43-7,Oc1ccccc1c2ccccc2,Train,0,5.837,2.31,0.16,3.13,1.29,0,0,3,3,1.34
90-94-8,O=C(c1ccc(cc1)N(C)C)c2ccc(cc2)N(C)C,Train,0,6.188,2.19,0.18,3.42,2.18,0,1,4,3,1.52
91-15-6,N#Cc1c(cccc1)C#N,Train,0,4.239,1.85,0.15,1.40,0.79,0,1,0,1,0.55
91-17-8/493-01-6/493-02-7,C1CCC2CCCCC2(C1),Train,0,2.565,0.00,0.29,4.43,2.28,0,0,0,1,3.37
91-20-3,c1c2c(ccc1)CCCC2,Train,0,6.136,1.25,0.21,3.56,1.56,0,0,0,1,2.15
91-22-5,c1cccc2ncccc12,Train,0,6.136,2.37,0.16,2.07,0.99,0,1,0,3,0.49
91-23-6,COc1c(cccc1)[N+](=O)[O-],Train,0,3.446,1.52,0.14,1.70,0.89,0,1,5,1,0.60
91-57-6,Cc1ccc2c(c1)cccc2,Train,0,6.290,2.37,0.18,3.68,1.26,0,0,0,1,2.49
91-58-7,c1ccc2cc(ccc2(c1))Cl,Train,1,6.290,2.37,0.18,3.95,1.04,0,0,0,2,3.63
91-66-7,CCN(c1ccccc1)CC,Train,0,0,1.17,0.19,2.81,1.86,0,1,0,1,2.04
91-94-1,Clc1c(ccc(c1)c1cc(c(cc1)N)Cl)N,Train,2,6.477,2.28,0.18,3.59,1.31,0,1,0,1,2.23
91-96-3,O=C(Nc1ccc(cc1C)c1cc(c(cc1)NC(=O)CC(=O)C)C)CC(=O)C,Train,0,7.066,2.51,0.17,2.24,2.99,2,1,6,3,-0.03
920-66-1,FC(C(C(F)(F)F)O)(F)F,Train,0,0,0.00,0.10,1.59,0.45,0,0,0,1,0.32
92-52-4,c1ccc(cc1)c2ccccc2,Train,0,5.732,2.28,0.17,3.88,1.29,0,0,0,1,2.64
92-69-3,Oc1ccc(cc1)c1ccccc1,Train,0,5.932,2.27,0.16,3.13,1.28,0,0,1,1,1.64
92-70-6,Oc1c(cc2c(c1)cccc2)C(=O)O,Test,0,6.711,2.50,0.14,2.72,1.16,0,0,6,3,0.46
92-77-3,O=C(c1cc2ccccc2cc1O)Nc1ccccc1,Train,0,7.170,3.29,0.15,3.92,1.85,1,1,6,3,0.76
92-84-2,N1c2c(cccc2)Sc2c1cccc2,Train,1,6.711,2.48,0.20,2.86,1.33,0,1,0,1,2.61
92-86-4,Brc1ccc(cc1)c1ccc(cc1)Br,Train,2,6.196,2.27,0.24,5.20,1.25,0,0,0,1,3.96
92-94-4,c1ccc(cc1)c2ccc(cc2)c3ccccc3,Train,0,7.059,3.22,0.17,5.17,1.90,0,0,0,3,1.77
935-95-5,Oc1c(c(cc(c1Cl)Cl)Cl)Cl,Train,4,0,1.26,0.21,3.62,0.61,0,0,1,1,2.15
93-72-1,O=C(O)C(Oc1cc(c(cc1Cl)Cl)Cl)C,Test,3,4.343,1.31,0.19,3.20,1.17,0,0,3,3,1.76
93-76-5,O=C(O)COc1cc(c(cc1Cl)Cl)Cl,Test,3,4.239,1.33,0.19,2.91,0.91,0,0,3,3,1.38
938-22-7,O(c1c(cc(c(c1Cl)Cl)Cl)Cl)C,Train,4,0,1.26,0.21,3.91,0.77,0,0,1,1,3.34
938-86-3,O(c1cc(c(c(c1Cl)Cl)Cl)Cl)C,Test,4,0,1.26,0.21,3.91,0.77,0,0,1,1,3.51
94361-06-5,OC(c1ccc(cc1)Cl)(Cn2ncnc2)C(C)C3CC3,Test,1,5.741,1.57,0.19,3.77,2.35,0,1,5,1,1.45
944-22-9,CCP(=S)(Sc1ccccc1)OCC,Train,3,3.726,1.20,0.57,2.72,1.94,0,0,2,3,1.89
944-61-6,O(c1c(OC)c(c(c(c1Cl)Cl)Cl)Cl)C,Train,4,2.151,1.27,0.19,3.31,0.94,0,0,4,2,4.40
94-52-0,O=[N+](c1cc2c(cc1)NC=N2)[O-],Test,0,5.550,2.32,0.13,1.37,0.89,0,1,4,1,0.32
947-04-6,O=C1NCCCCCCCCCCC1,Test,0,2.890,0.12,0.29,2.46,2.85,1,1,2,3,0.29
94-74-6,O=C(O)COc1ccc(cc1C)Cl,Train,1,3.992,1.32,0.18,2.09,1.13,0,0,3,3,0.00
94-75-7,O=C(O)COc1ccc(cc1Cl)Cl,Train,2,3.992,1.32,0.18,2.35,0.92,0,0,3,3,-0.50
950-37-8,O=C1N(N=C(OC)S1)CSP(OC)(OC)=S,Train,4,3.555,0.54,0.45,-0.27,1.12,1,1,1,1,0.72
95-16-9,N1=CSc2c1cccc2,Train,1,0,2.08,0.21,1.50,0.78,0,1,0,1,0.80
95465-99-9,O=P(OCC)(SC(C)CC)SC(C)CC,Train,3,0,0.11,0.64,2.68,2.83,0,0,9,1,2.34
"95-47-6,1330-20-7",c1ccc(c(c1)C)C,Train,0,0,1.24,0.21,2.94,1.06,0,0,0,3,1.15
95-48-7,Oc1ccccc1C,Test,0,0,1.24,0.18,1.86,0.86,0,0,1,1,1.03
95-49-8,Cc1c(cccc1)Cl,Test,1,0,1.24,0.22,3.21,0.85,0,0,0,1,1.86
95-50-1,Clc1c(cccc1)Cl,Train,2,0,1.24,0.22,3.48,0.63,0,0,0,1,2.47
95-51-2,Nc1c(cccc1)Cl,Train,1,0,1.24,0.19,2.13,0.68,0,1,0,1,0.93
95-56-7,Oc1ccccc1Br,Train,1,0,1.24,0.23,2.30,0.65,0,0,1,1,1.52
95-57-8,Oc1c(cccc1)Cl,Train,1,0,1.24,0.19,2.13,0.65,0,0,1,1,1.21
95-63-6,Cc1c(ccc(c1)C)C,Train,0,0,1.24,0.22,3.26,1.26,0,0,0,1,2.17
95-64-7,Cc1c(ccc(c1)N)C,Train,0,0,1.24,0.20,2.19,1.09,0,1,0,1,0.80
95-69-2,Cc1c(ccc(c1)Cl)N,Test,1,0,1.24,0.20,2.46,0.88,0,1,0,1,1.37
95-76-1,Clc1c(ccc(c1)N)Cl,Test,2,0,1.24,0.21,2.73,0.66,0,1,0,1,1.13
95-77-2,Clc1c(ccc(c1)O)Cl,Train,2,0,1.24,0.20,2.73,0.63,0,0,1,1,1.75
95-78-3,Nc1c(ccc(c1)C)C,Test,0,0,1.24,0.20,2.19,1.09,0,1,0,1,0.54
95-80-7,Nc1c(ccc(c1)N)C,Train,0,0,1.24,0.18,1.25,0.92,0,1,0,2,1.45
95-82-9,Nc1c(ccc(c1)Cl)Cl,Train,2,0,1.24,0.21,2.73,0.66,0,1,0,1,1.24
95-94-3,Clc1c(cc(c(c1)Cl)Cl)Cl,Train,4,0,1.25,0.24,4.63,0.60,0,0,0,1,3.57
95-95-4,Oc1c(cc(c(c1)Cl)Cl)Cl,Train,3,0,1.25,0.21,3.31,0.62,0,0,1,1,2.60
961-11-5,Clc1c(cc(c(c1)Cl)Cl)C(=CCl)OP(=O)(OC)OC,Train,5,4.931,1.36,0.24,4.46,1.27,0,0,8,3,1.63
96-12-8,C(C(CBr)Br)Cl,Train,3,0,0.00,0.63,2.96,0.52,0,0,0,3,1.11
96-18-4,ClC(CCl)CCl,Train,3,0,0.00,0.43,2.60,0.52,0,0,0,1,1.07
962-58-3,O=P(Oc1nc(nc(c1)C)C(C)C)(OCC)OCC,Test,1,4.799,1.24,0.22,2.88,2.71,0,1,11,3,-0.35
96-29-7,CC(=NO)CC,Train,0,0,0.31,0.24,0.59,0.97,0,1,1,1,0.44
96-45-7,N1C(NCC1)=S,Train,1,0,0.22,0.23,-0.67,0.67,2,1,0,1,-0.02
96489-71-3,O=C1C(=C(C=NN1C(C)(C)C)SCc2ccc(cc2)C(C)(C)C)Cl,Train,2,5.904,1.74,0.25,4.75,2.86,1,1,4,3,1.68
96-69-5,CC(c1c(cc(c(c1)Sc1c(cc(c(c1)C(C)(C)C)O)C)C)O)(C)C,Train,1,6.692,2.30,0.24,5.47,3.23,0,0,10,3,0.82
96-76-4,Oc1ccc(cc1C(C)(C)C)C(C)(C)C,Train,0,0,1.22,0.26,3.92,2.18,0,0,4,3,2.46
96-91-3,O=[N+]([O-])c1cc(N)c(O)c(c1)[N+](=O)[O-],Train,0,0,1.68,0.12,1.43,0.83,0,1,9,1,0.47
96-96-8,[O-][N+](=O)c1cc(ccc1N)OC,Train,0,0,1.49,0.14,1.18,0.92,0,1,5,1,0.79
97-23-4,Oc1c(cc(cc1)Cl)Cc1cc(ccc1O)Cl,Test,2,6.157,2.30,0.18,3.84,1.44,0,0,4,3,2.19
98-08-8,FC(c1ccccc1)(F)F,Train,0,0,1.19,0.13,3.37,0.78,0,0,0,1,1.67
98-10-2,NS(=O)(=O)c1ccccc1,Train,1,0,1.45,0.24,0.43,0.76,0,1,4,1,0.52
98-15-7,FC(c1cc(ccc1)Cl)(F)F,Train,1,0,1.20,0.15,3.95,0.76,0,0,0,2,2.34
98-54-4,CC(c1ccc(cc1)O)(C)C,Train,0,0,1.19,0.24,2.81,1.42,0,0,1,1,1.79
98-73-7,CC(c1ccc(cc1)C(=O)O)(C)C,Test,0,0,1.32,0.22,2.95,1.52,0,0,4,3,0.50
98-82-8,c1ccc(cc1)C(C)C,Train,0,0,1.20,0.23,3.26,1.36,0,0,0,3,1.55
98-83-9,CC(=C)c1ccccc1,Test,0,0,1.36,0.20,3.17,1.05,0,0,0,1,1.89
98886-44-3,O=C1N(CCS1)P(=O)(OCC)SC(C)CC,Train,3,2.197,0.23,0.42,0.64,2.35,1,1,7,1,0.50
98-95-3,O=[N+](c1ccccc1)[O-],Train,0,0,1.50,0.15,1.89,0.73,0,1,4,1,0.66
99-08-1,O=[N+](c1cc(ccc1)C)[O-],Train,0,0,1.49,0.16,2.24,0.92,0,1,4,1,1.02
99-30-9,O=[N+]([O-])c1cc(c(N)c(c1)Cl)Cl,Train,2,0,1.48,0.17,2.57,0.73,0,1,4,1,1.88
99387-89-0,FC(F)(F)c2cc(ccc2(N=C(n1cncc1)COCCC))Cl,Test,1,6.564,2.37,0.16,3.77,2.28,0,1,3,2,2.59
99-65-0,O=[N+]([O-])c1cccc(c1)[N+](=O)[O-],Train,0,0,1.71,0.13,1.89,0.79,0,1,8,1,0.77
99-71-8,CC(c1ccc(cc1)O)CC,Test,0,0,1.19,0.21,2.81,1.69,0,0,1,3,1.35
99-99-0,O=[N+](c1ccc(cc1)C)[O-],Test,0,0,1.49,0.16,2.24,0.92,0,1,4,1,0.91